rank,score,tournament_id,name,event_date,series,flagged_classes,top_flags
1,871.7,791,第五回奥の細道むすびの地 全国競技かるた大垣大会,2017-05-03,大垣大会,18,Ｅ１級(E):ミラー欠落100%(25件); 無対戦参加者38%(10人); 優勝者導出なし / Ｅ３級(E):ミラー欠落100%(25件); 無対戦参加者38%(10人); 優勝者導出なし / Ｃ1級(C):ミラー欠落100%(50件); 無対戦参加者37%(19人); 優勝者導出なし
2,504.0,1184,第79回全国競技かるた東京東会大会(E),2026-01-18,東京東会大会,14,E1(E):ミラー欠落100%(15件); 優勝者導出なし / E2(E):ミラー欠落100%(15件); 優勝者導出なし / E3(E):ミラー欠落100%(15件); 優勝者導出なし
3,400.0,851,第9回千葉県かるた大会,,千葉県大会,12,上級(-):相手未解決100%(20件); round進行異常1箇所 / 中級②(-):相手未解決100%(44件); round進行異常1箇所 / 初級⑤(-):相手未解決100%(44件); round進行異常1箇所
4,267.2,656,第22回全国小倉百人一首かるた競技広島大会,2011-05-04,広島大会,6,Ｅ級(E):相手未解決19%(6件); ミラー欠落100%(25件); 優勝者導出なし / A(A):相手未解決17%(11件); ミラー欠落100%(45件); 優勝者導出なし / Ｄ１級(D):相手未解決10%(6件); ミラー欠落100%(34件); 優勝者導出なし
5,264.1,646,第64回全国競技かるた東京東会大会,2011-01-16,東京東会大会,12,Ａ級(A):相手未解決19%(41件); ミラー欠落21%(27件) / Ｂ級(B):相手未解決18%(44件); ミラー欠落17%(34件) / Ｄ１級(D):相手未解決13%(13件); ミラー欠落20%(11件)
6,254.3,647,第56回新春全国競技かるた大会,2011-01-09,新春全国大会,11,Ａ級(A):相手未解決17%(33件); ミラー欠落24%(27件) / Ｄ３級(D):相手未解決14%(13件); ミラー欠落25%(13件) / Ｅ１級(E):相手未解決14%(13件); ミラー欠落21%(11件)
7,246.0,641,第34回全国小・中学生かるた競技選手権福井大会,2011-11-06,小中学生選手権福井,8,中学生(-):相手未解決100%(54件); 優勝者導出なし / 6年生(-):相手未解決100%(96件) / 5年生(-):相手未解決100%(99件)
8,231.2,694,第16回神奈川県かるた選手権大会,2013-11-23,神奈川県選手権,28,D3(D):相手未解決19%(3件); ミラー欠落23%(3件); 優勝者導出なし / F1級(-):相手未解決6%(1件); ミラー欠落7%(1件); 優勝者導出なし / B1(B):相手未解決4%(1件); ミラー欠落5%(1件); 優勝者導出なし
9,222.2,1464,第1回全国競技かるた札幌大会,2017-09-17,札幌大会,5,C級(C):相手未解決23%(23件); ミラー欠落29%(17件); 優勝者導出なし / B級(B):相手未解決19%(23件); ミラー欠落21%(19件); 優勝者導出なし / D級(D):相手未解決15%(18件); ミラー欠落25%(24件); 優勝者導出なし
10,217.0,671,大学選手権 一回生の部,2012-08-12,,9,大学代表の部(-):相手未解決27%(27件); 優勝者導出なし / ２回生の部A(A):相手未解決33%(31件) / ２回生の部B(B):相手未解決31%(30件)
11,210.0,650,第69回全国競技かるた桑名大会結果表,2011-04-03,桑名大会,7,Ａ級成績表(A):相手未解決99%(115件) / Ｂ級成績表(B):相手未解決99%(196件) / Ｃ級成績表(C):相手未解決100%(123件)
12,204.0,801,第15回全国かるた競技兵庫大会,2018-04-30,兵庫大会,5,C.1～4(C):相手未解決97%(445件); ミラー欠落100%(12件); 優勝者導出なし / B.1～3(B):相手未解決100%(369件); 優勝者導出なし / D.1～7(D):相手未解決100%(740件); 優勝者導出なし
13,199.2,742,第3回奥の細道むすびの地 全国競技かるた大垣大会,2015-05-03,大垣大会,4,Ｃ２級(C):ミラー欠落100%(54件); 無対戦参加者42%(23人); 優勝者導出なし / Ｃ１級(C):ミラー欠落100%(52件); 無対戦参加者40%(21人); 優勝者導出なし / Ａ級(A):ミラー欠落100%(46件); 無対戦参加者32%(15人); 優勝者導出なし
14,190.1,636,第35回全国小倉百人一首かるた競技宗像大社大会,2011-06-19,宗像大社大会,4,Ｄ級(D):相手未解決17%(11件); ミラー欠落96%(50件); 優勝者導出なし / Ａ級(A):相手未解決13%(8件); ミラー欠落100%(26件); 優勝者導出なし / Ｂ級(B):相手未解決13%(8件); ミラー欠落100%(30件); 優勝者導出なし
15,186.9,1462,第48回太宰府小倉百人一首競技かるた大会,2018-01-21,太宰府大会,4,A級_2(A):相手未解決49%(55件); ミラー欠落79%(46件); 優勝者導出なし / A級_4(A):相手未解決24%(88件); ミラー欠落32%(89件); 優勝者導出なし / A級(A):相手未解決20%(86件); ミラー欠落8%(29件); 優勝者導出なし
16,185.5,833,第16回全国競技かるた兵庫大会,2019-04-29,兵庫大会,5,E(E):相手未解決51%(236件); ミラー欠落4%(9件); round進行異常1箇所 / B(B):相手未解決53%(239件); ミラー欠落3%(6件); round進行異常1箇所 / C(C):相手未解決48%(259件); ミラー欠落3%(8件); round進行異常1箇所
17,183.7,642,第2回全国かるた競技岡山大会入賞者記録,2011-11-27,岡山大会,4,A(A):相手未解決17%(11件); ミラー欠落100%(28件); 優勝者導出なし / D(D):相手未解決13%(8件); ミラー欠落100%(42件); 優勝者導出なし / B(B):相手未解決10%(6件); ミラー欠落100%(34件); 優勝者導出なし
18,180.0,673,平成24年 第9回香川大会結果表 (24.10.7 高松市総合体育館),2012-10-07,香川大会,6,A(A):相手未解決95%(97件) / B(B):相手未解決97%(116件) / C(C):相手未解決99%(111件)
19,180.0,1447,第12回全国競技かるた大垣大会,2024-05-04,大垣大会,5,A級(A):相手未解決87%(292件); 優勝者導出なし / B級(B):相手未解決96%(352件); 優勝者導出なし / C級(C):相手未解決92%(367件); 優勝者導出なし
20,180.0,1450,第13回奥の細道むすびの地全国競技かるた大垣大会,2025-05-03,大垣大会,5,A級(A):相手未解決88%(296件); 優勝者導出なし / B級(B):相手未解決89%(401件); 優勝者導出なし / C級(C):相手未解決95%(396件); 優勝者導出なし
21,179.1,675,第21回全日本新人選手権かるた大会 および 第4回全日本グランドチャンピオン大会,2012-10-28,新人選手権,5,B(B):相手未解決48%(30件); 優勝者導出なし / C(C):相手未解決89%(24件); 優勝者導出なし / D(D):相手未解決65%(17件); 優勝者導出なし
22,174.0,1416,第35回全国中学生選手権大会(個人戦),2023-08-11,中学生選手権(個人戦),5,A(A):相手未解決66%(19件); 優勝者導出なし / C(C):相手未解決49%(112件); 優勝者導出なし / D(D):相手未解決49%(144件); 優勝者導出なし
23,174.0,1459,第20回埼玉県百人一首大会,2011-09-23,埼玉県大会,4,A級(A):相手未解決93%(364件); ミラー欠落79%(22件); 優勝者導出なし / 入門級-1(-):相手未解決100%(31件); 優勝者導出なし / 入門級-2(-):相手未解決88%(30件); 優勝者導出なし
24,172.5,767,第4回奥の細道むすびの地 全国競技かるた大垣大会,2016-05-03,大垣大会,7,Ｃ１級(C):ミラー欠落100%(60件); 無対戦参加者48%(29人); 優勝者導出なし / Ｂ級(B):ミラー欠落100%(119件); 無対戦参加者47%(56人); 優勝者導出なし / Ａ級(A):ミラー欠落100%(81件); 無対戦参加者23%(19人); 優勝者導出なし
25,170.0,785,第25回 全国競技かるた益田大会 成績表,2017-08-06,益田大会,4,D(D):相手未解決88%(135件); round進行異常2箇所; 優勝者導出なし / Ｂ級Ⅰ‐Ⅱ(B):相手未解決69%(132件); round進行異常1箇所; 優勝者導出なし / Ｃ級Ⅰ‐Ⅱ(C):相手未解決67%(128件); round進行異常1箇所; 優勝者導出なし
26,161.8,1126,第37回全国中学生選手権大会(個人戦),2025-08-03,中学生選手権(個人戦),5,C(C):相手未解決45%(104件); 優勝者導出なし / D(D):相手未解決55%(113件); 優勝者導出なし / E(E):相手未解決49%(89件); 優勝者導出なし
27,157.7,1461,第32回埼玉県百人一首大会,2014-09-23,埼玉県大会,3,C 級(C):相手未解決19%(72件); ミラー欠落37%(110件); 勝敗矛盾4件 / 入門級（一般(-):相手未解決24%(16件); ミラー欠落35%(18件); 優勝者導出なし / 入門級（戸田(-):相手未解決13%(4件); ミラー欠落15%(4件); 優勝者導出なし
28,154.4,1441,第12回全国競技かるた兵庫大会,2015-04-29,兵庫大会,3,DDD(D):相手未解決42%(143件); ミラー欠落28%(42件); 勝敗矛盾28件 / CC(C):相手未解決37%(67件); round進行異常1箇所; round欠番(7/9) / EE(E):優勝者導出なし
29,152.4,792,第29回全国競技かるた中学生選手権大会,,中学生選手権(個人戦),5,C(C):相手未解決36%(83件); 優勝者導出なし / E(E):相手未解決63%(48件); 優勝者導出なし / A(A):相手未解決74%(14件)
30,148.5,654,第18回全日本大学かるた選手権大会,,大学選手権,6,４回生以上(-):相手未解決15%(8件); ミラー欠落24%(8件); 優勝者導出なし / 大学代表(-):相手未解決15%(8件); ミラー欠落22%(8件); 優勝者導出なし / ３回生(-):相手未解決10%(6件); ミラー欠落7%(4件); 優勝者導出なし
31,144.0,684,第25回全国競技かるた中学生選手権大会,,中学生選手権(個人戦),4,B(B):相手未解決53%(68件); 優勝者導出なし / A(A):相手未解決86%(24件); 優勝者導出なし / D(D):相手未解決50%(60件); 優勝者導出なし
32,138.7,1466,第6回全国競技かるた札幌大会,2025-10-19,札幌大会,5,C級(C):相手未解決11%(6件); ミラー欠落18%(8件); 優勝者導出なし / D級(D):相手未解決8%(4件); ミラー欠落21%(8件); 優勝者導出なし / A級(A):相手未解決3%(2件); ミラー欠落21%(12件); 優勝者導出なし
33,138.5,1442,第13回全国競技かるた兵庫大会,2016-04-29,兵庫大会,5,B 1～2(B):相手未解決28%(109件); ミラー欠落19%(30件); round進行異常2箇所 / C 1～3(C):相手未解決12%(43件); 優勝者導出なし / D　3～4(D):相手未解決12%(29件); 優勝者導出なし
34,138.0,1182,第39回全国小学生選手権大会,2026-01-18,小学生選手権,4,D(D):相手未解決54%(22件); 優勝者導出なし / C(C):相手未解決63%(17件); 優勝者導出なし / E(E):相手未解決39%(9件); 優勝者導出なし
35,136.1,693,第22回全日本新人選手権かるた大会 および 第5回全日本グランドチャンピオン大会,,新人選手権,4,C(C):相手未解決70%(21件); 優勝者導出なし / B(B):相手未解決72%(26件); 優勝者導出なし / D(D):相手未解決57%(20件); 優勝者導出なし
36,135.1,1460,第24回埼玉県百人一首大会,2015-09-23,埼玉県大会,3,C 級(C):相手未解決4%(14件); ミラー欠落31%(104件); 勝敗矛盾8件 / 入門級（一般(-):相手未解決4%(4件); ミラー欠落32%(32件); 優勝者導出なし / 入門級（戸田(-):相手未解決5%(1件); ミラー欠落26%(5件); 優勝者導出なし
37,132.4,635,第1回千葉県かるた大会(上級),2011-09-19,千葉県大会,6,B(B):相手未解決36%(10件); 優勝者導出なし / D(D):相手未解決17%(5件); ミラー欠落11%(2件); 優勝者導出なし / A(A):相手未解決38%(10件)
38,132.0,702,第42回 全国かるた競技宇佐神宮大会結果表,2013-03-09,宇佐神宮大会,4,C(C):相手未解決100%(176件); 優勝者導出なし / D(D):相手未解決100%(141件); 優勝者導出なし / A(A):相手未解決100%(112件)
39,132.0,717,第26回全国競技かるた中学生選手権大会,,中学生選手権(個人戦),4,B(B):相手未解決51%(42件); 優勝者導出なし / D(D):相手未解決39%(51件); 優勝者導出なし / A(A):相手未解決83%(25件)
40,132.0,726,第43回 全国かるた競技宇佐神宮大会結果表,2015-03-01,宇佐神宮大会,4,C(C):相手未解決82%(140件); 優勝者導出なし / D(D):相手未解決91%(136件); 優勝者導出なし / A(A):相手未解決91%(106件)
41,132.0,1458,第79回全国競技かるた北國大会,2017-10-08,北國大会,2,A級(A):相手未解決42%(65件); ミラー欠落93%(53件); 優勝者導出なし / Ａ級(-):相手未解決46%(463件); ミラー欠落95%(407件); 優勝者導出なし
42,125.1,1251,第10回奥の細道むすびの地全国競技かるた大垣大会,2022-05-03,大垣大会,5,Ｂ級(B):ミラー欠落100%(85件); 無対戦参加者46%(41人); 優勝者導出なし / Ａ級(A):ミラー欠落100%(53件); 無対戦参加者42%(23人); 優勝者導出なし / Ｃ級(C):優勝者導出なし
43,122.0,674,第35回 全国小・中学生かるた選手権福井大会 結果報告表,,小中学生選手権福井,5,高校生(-):相手未解決35%(7件); ミラー欠落38%(5件); 優勝者導出なし / ２年生(-):勝敗矛盾14件; 優勝者導出なし / ３年生(-):勝敗矛盾6件; 優勝者導出なし
44,118.9,734,第27回全国競技かるた中学生選手権大会,,中学生選手権(個人戦),4,A(A):相手未解決100%(16件); 優勝者導出なし / B(B):相手未解決61%(36件); 優勝者導出なし / C(C):相手未解決49%(44件)
45,118.9,1465,第2回全国競技かるた札幌大会,2018-11-24,札幌大会,4,D級(D):相手未解決17%(5件); ミラー欠落20%(5件); 優勝者導出なし / C級(C):相手未解決13%(4件); ミラー欠落15%(4件); 優勝者導出なし / E級(E):相手未解決10%(5件); ミラー欠落10%(3件); 優勝者導出なし
46,115.1,1313,第4回全国競技かるた新潟大会,2022-10-09,新潟大会,7,D(D):相手未解決35%(33件) / B(B):相手未解決30%(29件) / A(A):相手未解決19%(10件)
47,114.0,802,第30回全国競技かるた中学生選手権大会,,中学生選手権(個人戦),4,C(C):相手未解決35%(93件); 優勝者導出なし / D(D):相手未解決49%(124件); 優勝者導出なし / E(E):相手未解決62%(77件); 優勝者導出なし
48,108.6,723,第2回関東地区初心者かるた大会,,関東地区初心者大会,15,E1(E):相手未解決7%(3件); ミラー欠落8%(3件); 優勝者導出なし / E3(E):ミラー欠落4%(2件); 優勝者導出なし / E2(E):優勝者導出なし
49,108.0,1067,小倉百人一首競技かるた 第38回全国小学生選手権大会 結果報告表,2025-01-19,小学生選手権,3,B(B):相手未解決67%(12件); 優勝者導出なし / C(C):相手未解決64%(14件); 優勝者導出なし / D(D):相手未解決50%(18件); 優勝者導出なし
50,108.0,1216,第4回全国競技かるた千葉大会,2026-05-31,千葉大会,3,優勝1(-):ミラー欠落100%(57件); 優勝者導出なし / 優勝2(-):ミラー欠落100%(58件); 優勝者導出なし / 優勝3(-):ミラー欠落100%(58件); 優勝者導出なし
51,108.0,1288,第34回全国中学生選手権大会(個人戦),2022-08-07,中学生選手権(個人戦),3,D(D):相手未解決48%(144件); 優勝者導出なし / C(C):相手未解決77%(36件); 優勝者導出なし / E(E):相手未解決52%(126件); 優勝者導出なし
52,106.4,691,第22回埼玉県百人一首大会,2013-09-22,埼玉県大会,5,Ｃ級(C):相手未解決33%(31件) / Ｄ２級(D):相手未解決31%(30件) / Ｄ１級(D):相手未解決29%(28件)
53,103.8,1430,第5回全国競技かるた新潟大会,2023-10-08,新潟大会,5,C(C):相手未解決29%(58件); 優勝者導出なし / E(E):相手未解決22%(34件); 優勝者導出なし / B(B):相手未解決17%(37件); 優勝者導出なし
54,101.0,1142,第7回全国競技かるた新潟大会,2025-10-11,新潟大会,5,A(A):相手未解決24%(49件); 優勝者導出なし / C(C):相手未解決19%(40件); 優勝者導出なし / E(E):相手未解決16%(43件); 優勝者導出なし
55,100.0,761,第28回全国競技かるた中学生選手権大会,,中学生選手権(個人戦),3,B(B):相手未解決40%(35件); 優勝者導出なし / C(C):相手未解決28%(26件); 優勝者導出なし / A(A):相手未解決64%(9件)
56,95.7,648,第24回 全国小学生かるた選手権大会 結果報告表,2011-01-10,小学生選手権,2,高学年の部(６年・５年)(-):相手未解決25%(32件); ミラー欠落23%(22件) / 低学年の部(３年～１年)(-):相手未解決18%(17件); ミラー欠落29%(15件)
57,94.9,708,第28回滋賀県競技かるた大会,,滋賀県大会,5,E2(E):相手未解決8%(6件); ミラー欠落9%(6件); 優勝者導出なし / 上級者の部対戦結果(-):相手未解決7%(6件); ミラー欠落7%(6件); 優勝者導出なし / E1(E):相手未解決6%(6件); ミラー欠落7%(6件); 優勝者導出なし
58,93.8,1030,第6回全国競技かるた新潟大会,2024-10-05,新潟大会,5,E(E):相手未解決18%(29件); 優勝者導出なし / D(D):相手未解決16%(17件); 優勝者導出なし / B(B):相手未解決18%(19件)
59,90.0,747,第28回全国競技かるた東大阪大会,2016-02-28,東大阪大会,3,A(A):相手未解決98%(204件) / B1(B):相手未解決97%(120件) / B2(B):相手未解決100%(123件)
60,90.0,1309,第2回全国競技かるた会津大会,2022-10-23,会津大会,3,D1(D):相手未解決32%(15件) / D2(D):相手未解決32%(15件) / E1(E):相手未解決32%(15件)
61,86.8,798,第14回全国競技かるた兵庫大会,2017-04-29,兵庫大会,5,B1.2(B):相手未解決20%(85件); 優勝者導出なし / A(A):相手未解決20%(43件) / E1.2.3.4.5(E):相手未解決11%(27件); 優勝者導出なし
62,80.3,1388,第11回 奥の細道むすびの地 全国競技かるた大垣大会,2023-05-04,大垣大会,4,B2(B):相手未解決46%(54件); ミラー欠落100%(54件) / Ｄ級(D):ミラー欠落2%(9件); 優勝者導出なし / A級(A):優勝者導出なし
63,79.7,1394,"第23回全国競技かるた愛知大会(D,E)",2023-06-03,愛知大会,9,D4(D):相手未解決11%(6件); 勝敗矛盾2件; 優勝者導出なし / E10(E):相手未解決4%(1件); ミラー欠落4%(1件); 優勝者導出なし / D1(D):相手未解決11%(6件)
64,77.7,777,第28回全国競技かるた水沢大会,2017-09-24,水沢大会,6,Ｂ級(B):相手未解決5%(6件); ミラー欠落5%(6件); 勝敗矛盾2件 / Ｅ級２(E):相手未解決14%(8件) / Ｄ級３(D):相手未解決5%(3件); ミラー欠落6%(3件); 相手名ゴミ3件
65,75.2,811,第80回全国競技かるた北國大会,,北國大会,11,Ｃ級２組(C):ミラー欠落5%(4件); 優勝者導出なし / Ｃ級１組(C):ミラー欠落2%(2件); 優勝者導出なし / Ｂ級２組(B):ミラー欠落2%(2件); 優勝者導出なし
66,74.6,1385,第18回全国競技かるた兵庫大会,2023-04-29,兵庫大会,5,B(B):相手未解決12%(56件); 優勝者導出なし / C(C):相手未解決11%(51件); 優勝者導出なし / D(D):相手未解決9%(52件); 優勝者導出なし
67,72.0,689,第1回白瀧杯女流かるた高校選手権大会,,白瀧杯女流高校選手権,2,A(A):相手未解決42%(13件); 優勝者導出なし / B(B):相手未解決39%(13件); 優勝者導出なし
68,72.0,789,第46回 全国競技かるた大分大会結果表,2017-11-26,大分大会,2,D(D):相手未解決97%(178件); 優勝者導出なし / E(E):相手未解決83%(88件); 優勝者導出なし
69,72.0,862,第5回米国かるた大会,2021-07-18,米国大会,2,有段者部門(-):相手未解決100%(24件); 優勝者導出なし / 無段者部門(-):相手未解決100%(12件); 優勝者導出なし
70,72.0,946,第37回 全国競技かるた小学生選手権大会 結果報告表,2024-01-21,小学生選手権,2,C(C):相手未解決74%(23件); 優勝者導出なし / D(D):相手未解決37%(19件); 優勝者導出なし
71,66.8,744,第33回小倉百人一首競技かるた小山大会 A級,2015-08-02,小山大会,6,E(E):相手未解決6%(6件); ミラー欠落7%(6件); 優勝者導出なし / シニア級(-):相手未解決6%(3件); ミラー欠落7%(3件); 優勝者導出なし / D(D):相手未解決3%(2件); ミラー欠落3%(2件); 優勝者導出なし
72,66.0,1235,第1回競技かるた初段認定徳島大会,2022-03-20,初段認定徳島大会,1,詳報(-):相手未解決53%(54件); ミラー欠落54%(26件); 優勝者導出なし
73,65.0,1137,"第8回全国競技かるた秋田大会(A,B,C,D)",2025-10-05,秋田大会,4,C(C):相手未解決20%(31件); 優勝者導出なし / B(B):相手未解決16%(17件) / D(D):相手未解決8%(9件); 優勝者導出なし
74,63.5,649,第26回全国選抜かるた大会,2011-03-13,全国選抜大会,1,Ａ 級(A):相手未解決28%(19件); ミラー欠落36%(17件); 優勝者導出なし
75,62.9,888,第36回滋賀県競技かるた大会,,滋賀県大会,1,F級(-):相手未解決21%(12件); ミラー欠落27%(12件); 無対戦参加者22%(6人)
76,62.6,672,第21回埼玉県百人一首大会,2012-09-23,埼玉県大会,4,Ｅ級(E):相手未解決17%(45件); 優勝者導出なし / 入門級(-):相手未解決10%(29件); 優勝者導出なし / Ｃ級(C):相手未解決15%(16件)
77,60.9,1360,第36回 全国競技かるた小学生選手権大会 結果報告表,2023-01-22,小学生選手権,2,D(D):相手未解決18%(10件); ミラー欠落7%(3件); 優勝者導出なし / C(C):相手未解決70%(7件)
78,60.3,1463,第2回全国競技かるた山梨大会,2024-06-02,山梨大会,1,A級(A):相手未解決24%(41件); ミラー欠落40%(51件); 優勝者導出なし
79,60.2,652,第12回百人一首かるた杉並大会,,杉並大会,4,源平(-):無対戦参加者50%(16人) / D(D):相手未解決10%(11件); 優勝者導出なし / E(E):相手未解決9%(13件); 優勝者導出なし
80,60.0,1327,"第22回全国競技かるた愛知大会(B,C・12/10)",2022-12-10,愛知大会,3,-(-):無対戦参加者100%(37人) / B1(B):無対戦参加者100%(42人) / B2(B):無対戦参加者100%(41人)
81,59.7,782,第30回 全国競技かるた小学生選手権大会,,小学生選手権,2,C(C):相手未解決62%(18件) / D(D):相手未解決30%(22件)
82,58.8,1025,"第7回全国競技かるた秋田大会(D,E)",2024-09-22,秋田大会,2,E(E):相手未解決30%(57件); 優勝者導出なし / D(D):相手未解決17%(18件); 優勝者導出なし
83,58.2,705,第44回全国小・中学生かるた選手権大会,2014-03-23,小・中学生選手権,2,小学６年生級(-):相手未解決22%(27件); ミラー欠落30%(27件) / 小学２年生以下級(-):相手未解決3%(3件); ミラー欠落3%(2件)
84,58.0,1145,第84回全国競技かるた北國大会,2025-10-25,北國大会,5,E級(E):相手未解決28%(80件); 優勝者導出なし / A級(A):優勝者導出なし / B級(B):優勝者導出なし
85,57.0,1432,第6回全国競技かるた秋田大会,2023-10-01,秋田大会,4,B(B):同round重複12件; 優勝者導出なし / C(C):同round重複10件; 優勝者導出なし / D(D):同round重複4件
86,56.7,1505,第1回競技かるた初段認定長野大会,2022-03-13,初段認定長野大会,1,初段認定(-):相手未解決21%(24件); ミラー欠落30%(28件); 優勝者導出なし
87,56.0,73,"第65回全国かるた競技福井大会(A,B,C)",2012-06-10,福井大会,7,Ｄ級①(D):round進行異常1箇所 / Ｄ級②(D):round進行異常1箇所 / Ｄ級③(D):round進行異常1箇所
88,56.0,1495,第1回競技かるた初段認定沖縄大会,2022-02-27,初段認定沖縄大会,1,A級(A):相手未解決34%(31件); 勝敗矛盾26件; 優勝者導出なし
89,55.7,710,第2回奥の細道むすびの地 全国かるた競技大垣大会,2014-05-04,大垣大会,1,Ｃ２級(C):ミラー欠落100%(62件); 無対戦参加者49%(31人); 優勝者導出なし
90,55.3,670,第13回百人一首かるた杉並大会,2012-06-10,杉並大会,8,D2(D):相手未解決11%(6件) / D1(D):相手未解決7%(4件) / D3(D):相手未解決7%(4件)
91,55.1,1202,小倉百人一首競技かるた 第56回全国小・中学生選手権大会,2026-03-22,小・中学生選手権,2,小２以下級(-):相手未解決93%(54件); 無対戦参加者65%(53人) / 小６級(-):ミラー欠落5%(4件)
92,55.0,1467,第4回白瀧杯女流かるた高校選手権大会,2016-08-21,白瀧杯女流高校選手権,1,A級(A):相手未解決19%(12件); ミラー欠落33%(17件); 優勝者導出なし
93,54.3,863,第35回滋賀県競技かるた大会,,滋賀県大会,4,F2級(-):ミラー欠落14%(4件); 同round重複3件; 優勝者導出なし / B(B):round進行異常1箇所; 優勝者導出なし / F1級（並び替え前）(-):優勝者導出なし
94,54.0,1211,第14回奥の細道むすびの地全国競技かるた大垣大会,2026-05-03,大垣大会,5,Ｃ級詳細(C):優勝者導出なし; 相手名ゴミ31件 / Ｄ級詳細(D):優勝者導出なし; 相手名ゴミ47件 / E(E):優勝者導出なし; 相手名ゴミ4件
95,52.3,1147,第96回全国競技かるた学生選手権大会(E),2025-11-02,学生選手権,10,E7(E):相手未解決11%(3件); ミラー欠落4%(1件) / E8(E):相手未解決7%(2件) / E3(E):ミラー欠落7%(2件)
96,52.1,1318,第1回フランス大会,2022-11-12,フランス大会,1,結果(-):相手未解決100%(66件); round欠番(5/6); 無対戦参加者10%(3人)
97,52.0,665,第20回 全国かるた競技益田大会 成績表,2012-08-05,益田大会,1,Sheet1(-):相手未解決87%(231件); round進行異常2箇所; 優勝者導出なし
98,50.2,1468,第5回白瀧杯女流かるた高校選手権大会,2017-08-20,白瀧杯女流高校選手権,1,A級(A):相手未解決6%(4件); ミラー欠落33%(20件); 勝敗矛盾4件
99,49.7,1031,"第7回全国競技かるた秋田大会(A,B,C)",2024-10-06,秋田大会,3,B(B):相手未解決22%(11件) / A(A):相手未解決21%(22件) / C(C):相手未解決7%(4件)
100,49.0,1440,第11回全国競技かるた兵庫大会,2014-04-29,兵庫大会,5,E1.23.45.(E):相手未解決2%(6件); ミラー欠落9%(17件); 優勝者導出なし / C1.C2.(C):相手未解決6%(12件); 優勝者導出なし / 第11AA(-):相手未解決7%(14件)
101,48.7,711,第4回長崎大会,2014-11-09,長崎大会,2,D(D):相手未解決81%(252件); 優勝者導出なし / C(C):相手未解決3%(5件); ミラー欠落4%(5件); 優勝者導出なし
102,48.0,1205,第21回全国競技かるた兵庫大会,2026-04-25,兵庫大会,3,C級(C):相手未解決31%(163件); 優勝者導出なし / A級(A):優勝者導出なし / B級(B):優勝者導出なし
103,47.1,190,"第67回全国かるた競技福井大会(A,B)",2014-06-15,福井大会,3,E2(E):相手未解決12%(6件); ミラー欠落17%(6件) / 対戦記録（E5・6級）(E):相手未解決6%(7件); ミラー欠落7%(7件) / 対戦記録（E中学生級）(-):ミラー欠落6%(2件)
104,46.0,874,第1回初段認定京都小倉かるた会大会,2021-11-28,初段認定京都小倉会大会,1,対戦結果(-):相手未解決100%(108件); 優勝者導出なし; 相手名ゴミ108件
105,46.0,887,第1回競技かるた初段認定京都大学かるた会大会,,初段認定京都大学会大会,1,Sheet1(-):相手未解決100%(108件); 優勝者導出なし; 相手名ゴミ108件
106,46.0,900,第1回競技かるた初段認定鳥取大会,,初段認定鳥取大会,1,Sheet1(-):相手未解決100%(81件); 優勝者導出なし; 相手名ゴミ78件
107,45.5,1240,第17回全国競技かるた兵庫大会,2022-04-29,兵庫大会,4,D(D):相手未解決8%(38件); 優勝者導出なし / B(B):相手未解決7%(20件); 優勝者導出なし / C(C):相手未解決4%(7件); 優勝者導出なし
108,44.0,997,第2回全国競技かるた千葉大会(A),2024-07-13,千葉大会,1,A級(A):ミラー欠落100%(138件); round進行異常1箇所; 優勝者導出なし
109,43.0,209,"第16回全国かるた愛知大会(A,B,C)",2014-12-14,愛知大会,1,シニア級(-):ミラー欠落44%(11件); 同round重複2件; 優勝者導出なし
110,43.0,640,多摩百人一首かるた大会初心者の部(西東京市大会),2011-10-10,,1,詳細(-):相手未解決24%(72件); 無対戦参加者33%(37人); 優勝者導出なし
111,43.0,1263,第3回競技かるた初段認定米国大会,2022-06-26,初段認定米国大会,1,対戦結果(-):ミラー欠落33%(6件); round進行異常1箇所; 無対戦参加者12%(1人)
112,42.0,712,第72回全国競技かるた桑名大会,2014-03-16,桑名大会,3,もみじの部級(-):ミラー欠落67%(8件) / E1(E):優勝者導出なし / E2(E):優勝者導出なし
113,42.0,972,"第81回全国競技かるた桑名大会(A,B,C,D,E)",2024-03-16,桑名大会,4,A(A):round欠番(7/8); 優勝者導出なし / B(B):round欠番(7/8); 優勝者導出なし / D(D):round欠番(6/8); 優勝者導出なし
114,42.0,1084,"第82回全国競技かるた桑名大会(A,B,C,D,E)",2025-03-15,桑名大会,5,A(A):round欠番(7/8); 優勝者導出なし / B(B):round欠番(7/8); 優勝者導出なし / C(C):優勝者導出なし
115,41.1,908,第4回競技かるた初段認定滋賀県大会,2023-10-22,初段認定滋賀県大会,1,E(E):ミラー欠落100%(69件); 無対戦参加者13%(6人); 優勝者導出なし
116,40.7,1123,"第8回全国競技かるた秋田大会(D,E)",2025-08-31,秋田大会,2,E(E):相手未解決17%(28件); 優勝者導出なし / D(D):相手未解決12%(11件); 優勝者導出なし
117,39.2,645,第41回全国小倉百人一首かるた競技太宰府大会,2011-01-10,太宰府大会,1,提出用２パート(-):相手未解決3%(2件); ミラー欠落100%(60件); 優勝者導出なし
118,38.0,1040,"第40回全国競技かるた熊本大会(C,D,E)",2024-10-27,熊本大会,3,D(D):無対戦参加者100%(84人) / C(C):round欠番(4/5); 優勝者導出なし / E(E):優勝者導出なし
119,38.0,1248,"第29回全国競技かるた多摩大会(A,B,C)",2022-05-01,多摩大会,6,C3(C):優勝者導出なし; 相手名ゴミ2件 / C1(C):優勝者導出なし / C2(C):優勝者導出なし
120,37.3,1439,第10回全国競技かるた兵庫大会,2013-06-30,兵庫大会,5,B123(B):ミラー欠落3%(6件); 勝敗矛盾2件; 優勝者導出なし / 第１０回A12(-):優勝者導出なし / C12(C):優勝者導出なし
121,37.1,1087,第55回全国小・中学生選手権大会,2025-03-23,小・中学生選手権,3,小二以下級(-):相手未解決8%(5件); ミラー欠落10%(5件) / 小六級(-):相手未解決7%(7件); ミラー欠落7%(5件) / 小四級(-):ミラー欠落5%(4件)
122,36.3,964,小倉百人一首競技かるた 第54回全国小・中学生選手権大会,2024-03-24,小・中学生選手権,3,小学２年以下級(-):相手未解決11%(6件); ミラー欠落14%(6件) / 中学３年級(-):相手未解決4%(4件); ミラー欠落5%(4件) / 小学６年級(-):ミラー欠落3%(2件)
123,36.0,692,第6回足利百人一首かるた競技大会,2013-10-27,足利大会,6,A(A):優勝者導出なし / Ｂ級(B):優勝者導出なし / Ｃ級(C):優勝者導出なし
124,36.0,718,第32回小倉百人一首競技かるた小山大会 A級,2014-08-10,小山大会,6,A(A):優勝者導出なし / B(B):優勝者導出なし / C(C):優勝者導出なし
125,36.0,745,天智天皇杯第4回百人一首朝倉大会,2015-09-20,朝倉大会,1,第４回(-):相手未解決82%(555件); 優勝者導出なし
126,36.0,799,第35回小倉百人一首競技かるた小山大会,2017-08-20,小山大会,6,A(A):優勝者導出なし / B(B):優勝者導出なし / C(C):優勝者導出なし
127,36.0,925,第11回全国競技かるた山口大会(A),2023-12-10,山口大会,1,A級(A):相手未解決33%(62件); 優勝者導出なし
128,36.0,928,第3回競技かるた初段認定鳥取大会,2023-12-03,初段認定鳥取大会,1,Sheet1(-):相手未解決100%(78件); 優勝者導出なし
129,36.0,981,第2回全国競技かるた千葉大会(C級),2024-05-19,千葉大会,1,結果(-):ミラー欠落100%(170件); 優勝者導出なし
130,36.0,989,第2回全国競技かるた千葉大会(06/15),2024-06-15,千葉大会,1,結果(-):ミラー欠落100%(166件); 優勝者導出なし
131,36.0,1108,第3回全国競技かるた千葉大会(A),2025-07-26,千葉大会,1,A級(A):ミラー欠落100%(178件); 優勝者導出なし
132,36.0,1138,第3回全国競技かるた千葉大会(B),2025-10-04,千葉大会,1,B級(B):ミラー欠落100%(195件); 優勝者導出なし
133,36.0,1159,第79回全国競技かるた東京東会大会(B),2025-11-30,東京東会大会,1,B(B):ミラー欠落100%(298件); 優勝者導出なし
134,36.0,1160,第79回全国競技かるた東京東会大会(C),2025-11-29,東京東会大会,1,C(C):ミラー欠落100%(171件); 優勝者導出なし
135,36.0,1195,第79回全国競技かるた東京東会大会(A),2026-02-21,東京東会大会,1,A(A):ミラー欠落100%(245件); 優勝者導出なし
136,36.0,1196,第79回全国競技かるた東京東会大会(D),2026-02-22,東京東会大会,1,D(D):ミラー欠落100%(345件); 優勝者導出なし
137,36.0,1284,第6回米国かるた大会,2022-09-05,米国大会,1,D(D):相手未解決50%(6件); 優勝者導出なし
138,36.0,1287,第2回全国競技かるた初段認定徳島大会,2022-08-21,初段認定徳島大会,1,結果詳細(-):相手未解決97%(114件); 優勝者導出なし
139,36.0,1299,第2回競技かるた初段認定鳥取大会,2022-10-02,初段認定鳥取大会,1,Sheet1(-):相手未解決100%(81件); 優勝者導出なし
140,36.0,1406,第4回競技かるた初段認定山口大会,2023-07-17,初段認定山口大会,1,初段結果(-):相手未解決98%(124件); 優勝者導出なし
141,36.0,1438,第14回神奈川県かるた選手権大会,2011-11-26,神奈川県選手権,1,対戦結果(-):相手未解決89%(132件); 優勝者導出なし
142,36.0,1502,第5回競技かるた初段認定山口大会,2024-03-10,初段認定山口大会,1,A級(A):相手未解決94%(45件); 優勝者導出なし
143,36.0,1503,第3回競技かるた初段認定山口大会,2023-03-05,初段認定山口大会,1,A級(A):相手未解決98%(112件); 優勝者導出なし
144,34.4,1504,第2回競技かるた初段認定茨城大会,2022-11-13,初段認定茨城大会,1,A級(A):相手未解決8%(15件); ミラー欠落21%(38件); 優勝者導出なし
145,34.3,1516,第57期クイーン戦西日本予選,2012-10-21,クイーン戦西日本予選,1,クイーン位西日本予選(-):相手未解決17%(10件); ミラー欠落17%(8件)
146,32.0,881,第1回競技かるた初段認定滋賀大会,,初段認定滋賀大会,4,B(B):round進行異常1箇所; 優勝者導出なし / F2級（並び替え前）(-):優勝者導出なし / Ｃ級 (非表示)(C):優勝者導出なし
147,30.0,719,第三回前橋百人一首かるた大会 各級順位,,前橋大会,5,A(A):優勝者導出なし / B(B):優勝者導出なし / C(C):優勝者導出なし
148,30.0,865,第3回近江勧学館初心者かるた大会,,近江勧学館初心者大会,5,E1(E):優勝者導出なし / E2(E):優勝者導出なし / E3(E):優勝者導出なし
149,30.0,1102,第20回全国競技かるた兵庫大会,2025-04-29,兵庫大会,5,A(A):優勝者導出なし / B(B):優勝者導出なし / C(C):優勝者導出なし
150,30.0,1204,第27回こばえちゃ山形全国競技かるた酒田大会,2026-04-19,こばえちゃ山形酒田大会,5,A(A):優勝者導出なし / B級(B):優勝者導出なし / C級(C):優勝者導出なし
151,29.2,1306,第5回全国競技かるた福島大会(D),2022-06-26,福島大会,1,D級(D):相手未解決29%(14件)
152,28.8,1262,第3回競技かるた初段認定杉並大会(1日目),2022-06-19,初段認定杉並大会,4,26日午前(-):ミラー欠落5%(2件); 優勝者導出なし / 19日午前(-):優勝者導出なし / 19日午後(-):優勝者導出なし
153,28.0,695,第1回関東地区初心者かるた大会,2013-12-08,関東地区初心者大会,2,F級試合結果（所属会順）(-):勝敗矛盾2件; round欠番(4/7); 優勝者導出なし / E(E):round欠番(4/7); 優勝者導出なし
154,27.2,1156,"第89回椿杯争奪全国競技かるた大会(D,E)",2025-11-24,椿杯大会,3,F級(-):相手未解決6%(3件); ミラー欠落9%(3件) / D(D):優勝者導出なし / E(E):優勝者導出なし
155,26.0,864,小倉百人一首競技かるた 第51回全国小・中学生選手権大会,2021-03-28,小・中学生選手権,2,中学３年級(-):相手未解決11%(11件); ミラー欠落9%(6件) / 中学２年級(-):相手未解決3%(3件); ミラー欠落4%(3件)
156,26.0,1270,第5回全国競技かるた福島大会(E),2022-07-03,福島大会,1,E級(E):相手未解決20%(15件); 優勝者導出なし
157,24.3,1390,第4回競技かるた初段認定島根大会,2023-05-28,初段認定島根大会,1,E(E):相手未解決3%(3件); ミラー欠落7%(6件); round進行異常1箇所
158,24.1,995,第78回全国競技かるた東京東会大会(E),2024-07-06,東京東会大会,1,E(E):ミラー欠落3%(18件); 同round重複112件; 優勝者導出なし
159,24.0,655,第18回東京都かるた大会,,東京都大会,2,D1(D):勝敗矛盾4件; 優勝者導出なし / D2(D):勝敗矛盾2件; 優勝者導出なし
160,24.0,784,第41回全国競技かるた宗像大社大会の結果について(大会報告),2017-06-27,宗像大社大会,4,B(B):優勝者導出なし / C(C):優勝者導出なし / D(D):優勝者導出なし
161,24.0,787,第5回全国競技かるた山口大会,2017-12-23,山口大会,4,Ｂ級(B):優勝者導出なし / Ｃ級(C):優勝者導出なし / Ｄ級(D):優勝者導出なし
162,24.0,818,第38回全国競技かるた鹿児島大会,,鹿児島大会,4,B(B):優勝者導出なし / C(C):優勝者導出なし / D(D):優勝者導出なし
163,24.0,826,第49回全国競技かるた太宰府大会の結果について(大会報告),2019-01-20,太宰府大会,4,B(B):優勝者導出なし / C(C):優勝者導出なし / D(D):優勝者導出なし
164,24.0,918,東京大学かるた会創立40周年記念全国大会,2023-11-04,,4,B(B):優勝者導出なし / C(C):優勝者導出なし / D(D):優勝者導出なし
165,24.0,945,"第53回太宰府小倉百人一首競技かるた大会(A,B,C,D)",2024-01-21,太宰府大会,4,A(A):優勝者導出なし / B(B):優勝者導出なし / C(C):優勝者導出なし
166,24.0,975,第25回こばえちゃ山形全国競技かるた酒田大会,2024-04-21,こばえちゃ山形酒田大会,4,B(B):優勝者導出なし / C級(C):優勝者導出なし / D級(D):優勝者導出なし
167,24.0,1048,"第14回全国競技かるた岡山大会(A,B,C)",2024-11-23,岡山大会,4,A(A):優勝者導出なし / B(B):優勝者導出なし / C23(C):優勝者導出なし
168,24.0,1089,第26回こばえちゃ山形全国競技かるた 酒田大会,2025-04-20,こばえちゃ山形酒田大会,4,B級(B):優勝者導出なし / C級(C):優勝者導出なし / D級(D):優勝者導出なし
169,24.0,1158,"第15回全国競技かるた岡山大会(A,B,C)",2025-11-29,岡山大会,4,A(A):優勝者導出なし / B(B):優勝者導出なし / C29(C):優勝者導出なし
170,24.0,1382,第24回こばえちゃ山形全国競技かるた酒田大会,2023-04-23,こばえちゃ山形酒田大会,4,B(B):優勝者導出なし / C(C):優勝者導出なし / D(D):優勝者導出なし
171,24.0,1427,第23回全国競技かるた富山大会,2023-09-17,富山大会,4,A(A):優勝者導出なし / B(B):優勝者導出なし / D(D):優勝者導出なし
172,24.0,1448,第83回全国競技かるた北國大会,2024-10-05,北國大会,4,A級(A):優勝者導出なし / C級(C):優勝者導出なし / D級(D):優勝者導出なし
173,23.4,312,第34回小倉百人一首かるた競技宮崎大会,2016-12-18,宮崎大会,4,D5(D):相手未解決8%(4件) / D2(D):相手未解決7%(4件) / D4(D):相手未解決7%(4件)
174,23.2,1061,第54回 太宰府小倉百人一首競技かるた大会,2025-01-11,太宰府大会,3,A(A):ミラー欠落2%(3件); 優勝者導出なし; 相手名ゴミ3件 / B(B):優勝者導出なし / C(C):優勝者導出なし
175,23.1,1419,"第94回全国競技かるた学生選手権大会(B,C,D,E)",2023-08-26,学生選手権,1,D1(D):相手未解決3%(1件); ミラー欠落3%(1件); 無対戦参加者41%(11人)
176,21.9,1176,第77回全国競技かるた京都大会(CDE級),2026-01-17,京都大会,2,E8(E):相手未解決16%(7件) / D9(D):優勝者導出なし
177,21.5,680,第43回全国小中学生かるた選手権大会,2013-03-24,小・中学生選手権,1,小学６年生級(-):相手未解決8%(16件); ミラー欠落13%(16件)
178,20.8,869,第1回競技かるた初段認定米国大会,2021-07-17,初段認定米国大会,1,対戦結果(-):相手未解決7%(2件); ミラー欠落8%(2件); 優勝者導出なし
179,20.8,1355,第24回稲城市民かるた大会,2023-02-05,稲城市民大会,3,初心者B(B):ミラー欠落3%(3件); 優勝者導出なし / 一般(-):優勝者導出なし / 初心者A(A):優勝者導出なし
180,20.7,1367,第53回全国小・中学生選手権大会,2023-03-26,小・中学生選手権,2,小四級(-):相手未解決13%(13件) / 小五級(-):ミラー欠落7%(6件)
181,20.5,714,第21回東京都かるた大会,,東京都大会,2,E3(E):相手未解決6%(3件); ミラー欠落7%(3件) / E4(E):相手未解決4%(2件); ミラー欠落4%(2件)
182,20.5,1203,"第15回全国競技かるた岡山大会(D,E・03/29)",2026-03-29,岡山大会,2,E(E):相手未解決2%(2件); round欠番(5/6); 優勝者導出なし / D(D):優勝者導出なし
183,20.3,795,第40回全国小・中学生競技かるた選手権福井大会,2017-11-17,小中学生選手権福井,1,小学1年生以下級(-):相手未解決14%(2件); 優勝者導出なし
184,20.0,786,第8回全国競技かるた岡山大会 大会結果表,2017-11-25,岡山大会,1,参加選手(-):無対戦参加者100%(176人)
185,20.0,1086,第54回全国競技かるた松山大会,2025-03-20,松山大会,3,C(C):相手未解決2%(5件); 優勝者導出なし / A(A):優勝者導出なし / B(B):優勝者導出なし
186,19.3,804,第41回 全国小・中学生競技かるた選手権福井大会 結果報告表,,小中学生選手権福井,1,小学1年生以下級(-):相手未解決13%(2件); 優勝者導出なし
187,19.3,877,第2回競技かるた初段認定米国大会,2021-08-22,初段認定米国大会,1,対戦結果(-):無対戦参加者33%(3人); 優勝者導出なし
188,18.0,359,第66回高松宮記念杯近江神宮全国競技かるた大会(D),2017-01-09,高松宮杯,3,E1(E):優勝者導出なし / E2(E):優勝者導出なし / E3(E):優勝者導出なし
189,18.0,666,"第82回全国かるた競技学生選手権大会結果報告(C,D)",,学生選手権,2,C3(C):ミラー欠落9%(10件) / C2(C):ミラー欠落9%(10件)
190,18.0,706,"第63回高松宮記念杯近江神宮全国歌かるた大会(D,E)",2014-01-13,高松宮杯,3,E1(E):優勝者導出なし / E2(E):優勝者導出なし / E3(E):優勝者導出なし
191,18.0,707,第15回 稲城市民かるた大会,2014-02-02,稲城市民大会,3,一般(-):優勝者導出なし / 初心者Ａ(A):優勝者導出なし / 初心者Ｂ(B):優勝者導出なし
192,18.0,746,"第65回高松宮記念杯近江神宮全国競技かるた大会(D,E)",,高松宮杯,3,E1(E):優勝者導出なし / E2(E):優勝者導出なし / E3(E):優勝者導出なし
193,18.0,820,第47回 全国競技かるた大分大会結果表,2019-03-10,大分大会,3,A(A):優勝者導出なし / B(B):優勝者導出なし / C(C):優勝者導出なし
194,18.0,899,第2回初段認定杉並大会,2021-12-27,初段認定杉並大会,3,荻窪(-):優勝者導出なし / 九品仏(午前)(-):優勝者導出なし / 九品仏(午後)(-):優勝者導出なし
195,18.0,947,第75回全国競技かるた京都大会,2024-01-21,京都大会,3,C(C):優勝者導出なし / D(D):優勝者導出なし / E(E):優勝者導出なし
196,18.0,965,第43回全国競技かるた鹿児島大会,2024-03-24,鹿児島大会,3,B(B):優勝者導出なし / C(C):優勝者導出なし / D(D):優勝者導出なし
197,18.0,983,"第88回椿杯争奪全国競技かるた大会(A,B,C)",2024-05-25,椿杯大会,3,A(A):優勝者導出なし / B(B):優勝者導出なし / C(C):優勝者導出なし
198,18.0,991,"第77回全国競技かるた福井大会(A,B,C)",2024-06-30,福井大会,3,A(A):優勝者導出なし / B(B):優勝者導出なし / C(C):優勝者導出なし
199,18.0,1012,"第95回全国競技かるた学生選手権大会(C,D,E)",2024-08-24,学生選手権,3,C(C):優勝者導出なし / D(D):優勝者導出なし / E(E):優勝者導出なし
200,18.0,1058,"第14回全国競技かるた岡山大会(D,E)",2024-12-22,岡山大会,2,D(D):round欠番(6/7); 優勝者導出なし / E(E):優勝者導出なし
201,18.0,1088,"第44回全国競技かるた鹿児島大会(A,B,C)",2025-03-23,鹿児島大会,3,A(A):優勝者導出なし / B(B):優勝者導出なし / C(C):優勝者導出なし
202,18.0,1095,"第89回椿杯争奪全国競技かるた大会(A,B,C)",2025-05-24,椿杯大会,3,A(A):優勝者導出なし / B(B):優勝者導出なし / C(C):優勝者導出なし
203,18.0,1130,"第21回全国競技かるた香川大会(C,D,E)",2025-09-21,香川大会,3,C(C):優勝者導出なし / D(D):優勝者導出なし / E(E):優勝者導出なし
204,18.0,1144,"第53回全国競技かるた大分大会(C,D,E)",2025-09-21,大分大会,3,C(C):優勝者導出なし / D(D):優勝者導出なし / E(E):優勝者導出なし
205,18.0,1199,"第45回全国競技かるた鹿児島大会(A,B,C)",2026-03-15,鹿児島大会,3,A(A):優勝者導出なし / B(B):優勝者導出なし / C(C):優勝者導出なし
206,18.0,1201,第55回全国競技かるた松山大会,2026-03-20,松山大会,3,A(A):優勝者導出なし / B(B):優勝者導出なし / C(C):優勝者導出なし
207,18.0,1217,第90回椿杯争奪全国競技かるた大会,2026-05-30,椿杯大会,3,D(D):優勝者導出なし / E(E):優勝者導出なし / F級(-):優勝者導出なし
208,18.0,1233,第41回全国競技かるた鹿児島大会,2022-03-27,鹿児島大会,3,B(B):優勝者導出なし / C(C):優勝者導出なし / E(E):優勝者導出なし
209,18.0,1290,第29回全国競技かるた多摩大会(09/24),2022-09-24,多摩大会,3,F(-):優勝者導出なし / 小(-):優勝者導出なし / 中(-):優勝者導出なし
210,18.0,1295,第6回全国競技かるた信州大会(B),2022-09-23,信州大会,3,1(-):優勝者導出なし / 2(-):優勝者導出なし / 3(-):優勝者導出なし
211,18.0,1398,"第76回全国競技かるた福井大会(A,B,C,D)",2023-06-24,福井大会,3,B(B):優勝者導出なし / C(C):優勝者導出なし / D(D):優勝者導出なし
212,17.4,662,第13回 稲城市民かるた大会,2012-02-05,稲城市民大会,1,対戦結果(-):相手未解決2%(8件); ミラー欠落5%(16件); 勝敗矛盾2件
213,17.4,912,第2回競技かるた初段認定三原大会,2023-10-29,初段認定三原大会,2,詳細結果（午前）(-):ミラー欠落3%(2件); 優勝者導出なし / 詳細結果（午後）(-):ミラー欠落3%(2件); 優勝者導出なし
214,17.1,754,第69回 全国競技かるた東京東会大会,,東京東会大会,2,B2(B):ミラー欠落16%(30件) / C3(C):相手名ゴミ1件
215,16.8,788,第25回全国競技かるた多摩大会 初心者の部 日野市大会,,多摩大会初心者の部,1,詳細結果(-):相手未解決3%(11件); ミラー欠落4%(11件); 勝敗矛盾2件
216,16.7,54,第65回全国かるた競技東京東会大会,2012-01-22,東京東会大会,5,E2(E):相手未解決3%(2件) / E4(E):相手未解決3%(2件) / E1(E):相手未解決3%(2件)
217,16.1,932,第4回競技かるた初段認定三重大会,2023-12-17,初段認定三重大会,1,結果詳報(-):相手未解決6%(3件); 無対戦参加者11%(2人); 優勝者導出なし
218,16.0,758,第17回上杉杯争奪全国競技かるた大会,2016-04-23,上杉杯大会,2,D(D):勝敗矛盾2件; 優勝者導出なし / C(C):優勝者導出なし
219,16.0,980,第42回全国競技かるた東京吉野会大会(E),2024-05-04,東京吉野会大会,2,E1(E):勝敗矛盾2件; 優勝者導出なし / E11(E):優勝者導出なし
220,15.4,1274,第44回全国高等学校選手権大会(個人戦),2022-07-24,高等学校選手権(個人戦),1,D1(D):相手未解決15%(8件)
221,15.3,1311,第82回全国競技かるた北國大会,2022-10-01,北國大会,2,E(E):相手未解決3%(4件); 優勝者導出なし / D(D):優勝者導出なし
222,14.6,1330,第2回競技かるた初段認定愛媛大会,2022-10-16,初段認定愛媛大会,2,初段認定級元(-):相手未解決3%(6件); 優勝者導出なし / 初段認定級(-):優勝者導出なし
223,14.0,657,第3回全国かるた競技佐賀大会,2011-09-18,佐賀大会,2,C(C):勝敗矛盾4件 / E(E):優勝者導出なし
224,14.0,1165,第96回全国競技かるた学生選手権大会(A),2025-12-06,学生選手権,1,A(A):round進行異常1箇所; 優勝者導出なし
225,14.0,1236,第1回競技かるた初段認定愛知県高等学校大会,2022-04-10,初段認定愛知県高等学校大会,1,E(E):勝敗矛盾4件; 優勝者導出なし
226,14.0,1443,ミュンヘン競技かるた大会,,,1,結果 Result(-):勝敗矛盾4件; 優勝者導出なし
227,13.7,891,第1回競技かるた初段認定香川大会,2021-12-12,初段認定香川大会,1,詳報(-):相手未解決8%(3件); 優勝者導出なし
228,13.5,944,"第53回全国競技かるた松山大会(D,E)",2024-01-08,松山大会,1,D4(D):相手未解決6%(3件); ミラー欠落8%(3件)
229,12.8,669,"第82回全国かるた競技学生選手権大会結果報告(A,B)",,学生選手権,1,A(A):相手未解決13%(24件)
230,12.2,921,第3回競技かるた初段認定大分大会,2023-11-12,初段認定大分大会,1,詳細(-):相手未解決2%(2件); 勝敗矛盾2件; 優勝者導出なし
231,12.0,683,"第71回全国競技かるた桑名大会(C,D,E)",,桑名大会,2,E1(E):優勝者導出なし / 第71回桑名大会対戦結果表_対戦結果表_もみじの部級(-):優勝者導出なし
232,12.0,690,第24回全国かるた競技広島大会の結果について(大会報告),2013-06-01,広島大会,2,C(C):優勝者導出なし / D(D):優勝者導出なし
233,12.0,727,"第64回高松宮記念杯近江神宮全国歌かるた大会(D,E)",2015-01-12,高松宮杯,2,E2(E):優勝者導出なし / E3(E):優勝者導出なし
234,12.0,729,第73回全国競技かるた桑名大会,2015-03-27,桑名大会,2,E1(E):優勝者導出なし / E2(E):優勝者導出なし
235,12.0,764,"第40回宗像大社小倉百人一首競技かるた大会(C,E)",,宗像大社大会,2,C(C):優勝者導出なし / E(E):優勝者導出なし
236,12.0,775,第4回関東地区初心者かるた大会,2016-12-18,関東地区初心者大会,2,Ｅ級試合結果(E):優勝者導出なし / F級試合結果(-):優勝者導出なし
237,12.0,809,"第42回全国競技かるた宗像大社大会(C,E)",,宗像大社大会,2,C(C):優勝者導出なし / E(E):優勝者導出なし
238,12.0,839,第27回全国競技かるた多摩大会,2019-10-14,多摩大会,2,Ｆ級(-):優勝者導出なし / シニア(-):優勝者導出なし
239,12.0,844,第7回全国競技かるた山口大会(DE級),2019-12-23,山口大会,2,D(D):優勝者導出なし / E(E):優勝者導出なし
240,12.0,845,第7回全国競技かるた山口大会,,山口大会,2,B(B):優勝者導出なし / C(C):優勝者導出なし
241,12.0,859,第50回全国競技かるた太宰府大会の結果について(大会報告),2020-01-14,太宰府大会,2,C(C):優勝者導出なし / E(E):優勝者導出なし
242,12.0,883,第1回初段認定杉並大会,2021-11-03,初段認定杉並大会,2,荻窪対戦詳細(-):優勝者導出なし / 井草対戦詳細(-):優勝者導出なし
243,12.0,915,"第39回全国競技かるた宮崎大会(D,E)",2023-10-29,宮崎大会,2,D(D):優勝者導出なし / E(E):優勝者導出なし
244,12.0,917,"第11回全国競技かるた山口大会(D,E)",2023-11-04,山口大会,2,D級(D):優勝者導出なし / E級(E):優勝者導出なし
245,12.0,950,"第81回全国競技かるた桑名大会(C,E)",2024-01-27,桑名大会,2,C(C):優勝者導出なし / E1(E):round欠番(1/7)
246,12.0,985,第56回全国女流選手権大会,2024-06-02,女流選手権,2,B(B):優勝者導出なし / C(C):優勝者導出なし
247,12.0,1009,"第44回全国競技かるた鹿児島大会(D,E・08/17)",2024-08-17,鹿児島大会,2,D(D):優勝者導出なし / E(E):優勝者導出なし
248,12.0,1026,第24回全国競技かるた富山大会,2024-09-22,富山大会,2,D(D):優勝者導出なし / E(E):優勝者導出なし
249,12.0,1064,"第82回全国競技かるた桑名大会(D,E)",2025-01-18,桑名大会,2,D(D):優勝者導出なし / E(E):優勝者導出なし
250,12.0,1073,"第44回全国競技かるた鹿児島大会(D,E・01/26)",2025-01-26,鹿児島大会,2,D(D):優勝者導出なし / E(E):優勝者導出なし
251,12.0,1113,"第45回全国競技かるた鹿児島大会(D,E・08/17)",2025-08-17,鹿児島大会,2,D(D):優勝者導出なし / E(E):優勝者導出なし
252,12.0,1143,"第41回全国競技かるた熊本大会(C,D)",2025-10-19,熊本大会,2,Ｃ級(C):優勝者導出なし / Ｄ級(D):優勝者導出なし
253,12.0,1153,"第21回全国競技かるた香川大会(A,B)",2025-11-23,香川大会,2,A(A):優勝者導出なし / B(B):優勝者導出なし
254,12.0,1175,"第55回太宰府小倉百人一首競技かるた大会(B,C)",2026-01-10,太宰府大会,2,B(B):優勝者導出なし / C(C):優勝者導出なし
255,12.0,1179,"第55回太宰府小倉百人一首競技かるた大会(A,D)",2026-01-17,太宰府大会,2,A(A):優勝者導出なし / D(D):優勝者導出なし
256,12.0,1188,"第34回全国競技かるた広島大会(A,B)",2026-01-25,広島大会,2,A級(A):優勝者導出なし / B級(B):優勝者導出なし
257,12.0,1189,"第21回全国競技かるた香川大会(D,E)",2026-02-11,香川大会,2,D(D):優勝者導出なし / E(E):優勝者導出なし
258,12.0,1190,"第45回全国競技かるた鹿児島大会(D,E・02/08)",2026-02-08,鹿児島大会,2,D(D):優勝者導出なし / E(E):優勝者導出なし
259,12.0,1191,"第9回全国競技かるた信州大会(B,C)",2026-02-14,信州大会,2,B級(B):優勝者導出なし / C級(C):優勝者導出なし
260,12.0,1207,第42回全国競技かるた熊本大会,2026-04-26,熊本大会,2,Ａ級詳報(A):優勝者導出なし / Ｂ級詳報(B):優勝者導出なし
261,12.0,1380,第13回全国競技かるた岡山大会,2023-04-15,岡山大会,1,D(D):round欠番(6/7); 優勝者導出なし
262,12.0,1393,小倉百人一首競技かるた 第55回全国女流選手権大会,2023-06-03,女流選手権,2,B(B):優勝者導出なし / C(C):優勝者導出なし
263,12.0,1454,第22回多摩百人一首かるた大会,,多摩大会,2,F級(-):優勝者導出なし / シニア(-):優勝者導出なし
264,11.9,1424,第3回競技かるた初段認定青森大会,2023-09-03,初段認定青森大会,1,結果詳細(-):相手未解決6%(3件); 優勝者導出なし
265,11.5,1501,第2回競技かるた初段認定沖縄大会,2023-06-02,初段認定沖縄大会,1,A級(A):相手未解決5%(9件); 優勝者導出なし
266,11.0,322,蓮生記念第3回全国競技かるた宇都宮大会,2016-10-29,宇都宮大会,2,D3(D):選手名ゴミ1件; 相手名ゴミ5件 / D2(D):選手名ゴミ1件; 相手名ゴミ2件
267,10.8,138,第42回全国かるた競技松山大会,2013-03-20,松山大会,2,ねんりん(-):相手未解決8%(2件) / D2(D):ミラー欠落2%(2件)
268,10.5,955,能登半島地震復興支援チャリティー大会,2024-02-17,,1,C4(C):相手未解決5%(5件); ミラー欠落6%(5件)
269,10.3,704,第29回全国選抜かるた大会,,全国選抜大会,1,A(A):無対戦参加者11%(8人); 優勝者導出なし
270,10.3,1281,第2回全国競技かるた初段認定青森大会,2022-09-04,初段認定青森大会,1,結果詳細(-):相手未解決4%(3件); 優勝者導出なし
271,10.3,1331,第4回競技かるた初段認定静岡大会,2022-12-11,初段認定静岡大会,1,詳細(-):無対戦参加者11%(10人); 優勝者導出なし
272,10.2,866,第1回競技かるた初段認定會津大会,2021-07-11,初段認定会津大会,1,対戦結果(-):相手未解決4%(2件); 優勝者導出なし
273,10.1,258,第26回全国かるた競技水沢大会,2015-09-23,水沢大会,3,D2(D):相手未解決3%(2件) / D3(D):相手未解決3%(2件) / E(E):相手未解決3%(2件)
274,10.0,637,"第30回全国かるた競技東京吉野会大会(A,B)",2011-10-10,東京吉野会大会,1,A(A):勝敗矛盾2件; 優勝者導出なし
275,10.0,724,第5回東京都初心者かるた大会,2014-11-16,東京都初心者大会,1,試合結果(-):勝敗矛盾2件; 優勝者導出なし
276,10.0,733,第16回稲城市民かるた大会,2015-02-01,稲城市民大会,1,対戦結果(-):勝敗矛盾2件; 優勝者導出なし
277,10.0,872,第1回競技かるた初段認定奈良大会,,初段認定奈良大会,1,対戦結果詳細 (報告用)(-):勝敗矛盾2件; 優勝者導出なし
278,10.0,886,第1回競技かるた初段認定宮崎大会,2021-11-21,初段認定宮崎大会,1,詳報(-):勝敗矛盾2件; 優勝者導出なし
279,10.0,894,第1回競技かるた初段認定石川大会,2021-11-07,初段認定石川大会,1,結果詳報(-):勝敗矛盾2件; 優勝者導出なし
280,10.0,1231,第2回競技かるた初段認定静岡大会,2022-03-27,初段認定静岡大会,1,詳細(-):勝敗矛盾2件; 優勝者導出なし
281,10.0,1282,第3回全国競技かるた初段認定静岡大会,2022-09-04,初段認定静岡大会,1,詳細(-):勝敗矛盾2件; 優勝者導出なし
282,10.0,1317,第2回競技かるた初段認定長崎大会,2022-11-13,初段認定長崎大会,1,詳細(-):相手未解決4%(3件); 優勝者導出なし
283,10.0,1333,第50回全国競技かるた大分大会,2022-12-18,大分大会,1,D3(D):勝敗矛盾2件; 優勝者導出なし
284,10.0,1369,第1回初段認定和歌山大会,2023-03-19,初段認定和歌山大会,1,対戦結果詳細(-):勝敗矛盾2件; 優勝者導出なし
285,9.8,973,第7回競技かるた初段認定静岡大会,2024-03-30,初段認定静岡大会,1,詳細(-):相手未解決4%(4件); 優勝者導出なし
286,9.5,781,第47回全国小・中学生競技かるた選手権大会,2017-03-26,小・中学生選手権,2,小学６年級(-):ミラー欠落7%(12件) / 中学１年級(-):ミラー欠落2%(3件)
287,9.0,353,第1回全国競技かるた福島大会,2016-12-04,福島大会,2,D2(D):選手名ゴミ1件; 相手名ゴミ4件 / C2(C):選手名ゴミ1件; 相手名ゴミ1件
288,9.0,796,"第62回新春全国競技かるた大会(D,E)",,新春全国大会,1,D6(D):相手未解決4%(4件); ミラー欠落5%(4件)
289,8.8,1227,第2回競技かるた初段認定福岡大会,2022-03-21,初段認定福岡大会,1,詳報(-):相手未解決3%(6件); 優勝者導出なし
290,8.7,963,第3回競技かるた初段認定香川大会,2024-03-10,初段認定香川大会,1,詳報(-):相手未解決3%(2件); 優勝者導出なし
291,8.6,1335,第2回初段認定香川大会,2022-12-18,初段認定香川大会,1,詳報(-):相手未解決3%(3件); 優勝者導出なし
292,8.1,8,第13回全国かるた競技富山大会,2011-09-17,富山大会,1,A(A):相手未解決8%(8件)
293,8.1,1528,第63期クイーン戦西日本予選,2018-10-21,クイーン戦西日本予選,1,クイーン位級(-):相手未解決4%(4件); ミラー欠落4%(4件)
294,8.0,122,第25回全日本シニアかるた選手権大会,2013-05-18,シニア選手権,1,G(-):相手未解決8%(2件)
295,8.0,234,"第24回全国競技かるた奈良大会(B,C,D,E,ねんりん)",2015-02-15,奈良大会,1,ねんりん(-):相手未解決8%(2件)
296,8.0,267,第27回全日本シニアかるた選手権大会,2015-05-16,シニア選手権,1,G(-):相手未解決8%(2件)
297,8.0,1435,第76回全国競技かるた桑名大会,2017-03-20,桑名大会,1,D7(D):相手未解決4%(2件); ミラー欠落4%(2件)
298,7.4,1183,第71回小倉百人一首競技かるた新春全国大会(E),2026-01-10,新春全国大会,1,E11(E):ミラー欠落7%(4件)
299,7.0,398,"第1回全国競技かるた信州大会~in駒ヶ根(B,C,D,E)",2017-11-26,信州大会,1,B1(B):選手名ゴミ2件; 相手名ゴミ3件
300,6.7,624,"第9回全国競技かるた山口大会(A,B,C)",2021-12-26,山口大会,1,A(A):相手未解決7%(2件)
301,6.6,203,第25回全国かるた競技水沢大会,2014-09-28,水沢大会,2,D1(D):相手未解決3%(2件) / D2(D):相手未解決3%(2件)
302,6.2,77,第23回全国かるた競技水沢大会,2012-09-30,水沢大会,3,E2(E):相手未解決2%(2件) / E1(E):相手未解決2%(2件) / D1(D):相手未解決2%(2件)
303,6.0,396,"第89回全国競技かるた学生選手権大会(A,B,C)",2017-03-25,学生選手権,2,C1(C):選手名ゴミ1件; 相手名ゴミ1件 / C5(C):選手名ゴミ1件; 相手名ゴミ1件
304,6.0,523,"第33回全国競技かるたさがみ野大会(B,C)",2019-04-29,さがみ野大会,1,B2(B):選手名ゴミ2件; 相手名ゴミ2件
305,6.0,643,第14回全国かるた愛知大会,2011-12-10,愛知大会,1,A(A):優勝者導出なし
306,6.0,660,第27回全国選抜かるた大会,,全国選抜大会,1,A(A):優勝者導出なし
307,6.0,677,第14回 稲城市民かるた大会 平成25年2月3日(日),2013-02-03,稲城市民大会,1,対戦結果(-):優勝者導出なし
308,6.0,678,第41回 全国かるた競技宇佐神宮大会結果表,2013-03-10,宇佐神宮大会,1,D(D):優勝者導出なし
309,6.0,679,第28回全国選抜かるた大会,,全国選抜大会,1,A(A):優勝者導出なし
310,6.0,687,第21回 多摩百人一首かるた大会,2013-10-13,多摩大会,1,Sheet1(-):優勝者導出なし
311,6.0,697,第4回東京都初心者大会,2013-11-30,東京都初心者大会,1,試合結果(-):優勝者導出なし
312,6.0,709,第25回全国かるた競技広島大会の結果について(大会報告),2014-06-04,広島大会,1,D(D):優勝者導出なし
313,6.0,713,第15回百人一首かるた杉並大会,2014-06-08,杉並大会,1,E2(E):優勝者導出なし
314,6.0,716,第2回 白瀧杯女流かるた高校選手権大会,,白瀧杯女流高校選手権,1,A(A):優勝者導出なし
315,6.0,722,第5回全国かるた競技岡山大会 大会結果表,2014-11-22,岡山大会,1,B(B):優勝者導出なし
316,6.0,731,第30回全国選抜かるた大会,,全国選抜大会,1,A(A):優勝者導出なし
317,6.0,737,第38回 全国小・中学生競技かるた選手権福井大会 結果報告表,,小中学生選手権福井,1,高校生(-):優勝者導出なし
318,6.0,743,第3回 白瀧杯女流かるた高校選手権大会,,白瀧杯女流高校選手権,1,白瀧杯級(-):優勝者導出なし
319,6.0,748,第74回全国競技かるた桑名大会,2016-03-21,桑名大会,1,もみじ級(-):優勝者導出なし
320,6.0,756,第31回全国選抜かるた大会,,全国選抜大会,1,A(A):優勝者導出なし
321,6.0,759,第98回全国競技かるた大阪大会(DE級),2016-12-25,大阪大会,1,-(-):優勝者導出なし
322,6.0,772,"第7回全国競技かるた丹波篠山大会(C,D,E)",,丹波篠山大会,1,E2(E):優勝者導出なし
323,6.0,773,第24回多摩百人一首かるた大会初心者の部(あきる野市大会),,多摩大会初心者の部,1,Sheet1(-):優勝者導出なし
324,6.0,778,第59回全国かるた競技和歌山大会(ABCD級),2017-12-03,和歌山大会,1,-(-):優勝者導出なし
325,6.0,780,"第75回全国競技かるた桑名大会(C,D,E)",2017-03-20,桑名大会,1,もみじ級(-):優勝者導出なし
326,6.0,783,第32回全国選抜かるた大会,,全国選抜大会,1,A(A):優勝者導出なし
327,6.0,790,第14回全国競技かるた香川大会,2017-09-16,香川大会,1,B(B):優勝者導出なし
328,6.0,803,第60回全国競技かるた和歌山大会(ABCD級),2018-11-04,和歌山大会,1,-(-):優勝者導出なし
329,6.0,810,第42回全国競技かるた宗像大社大会(D),,宗像大社大会,1,D(D):優勝者導出なし
330,6.0,813,第27回全国競技かるた奈良大会(B級以下の部),2018-02-18,奈良大会,1,-(-):優勝者導出なし
331,6.0,815,第33回全国選抜かるた大会,,全国選抜大会,1,A(A):優勝者導出なし
332,6.0,821,第34回全国選抜かるた大会,,全国選抜大会,1,A(A):優勝者導出なし
333,6.0,825,"第49回太宰府小倉百人一首競技かるた大会(A,B)",,太宰府大会,1,B(B):優勝者導出なし
334,6.0,828,第49回太宰府小倉百人一首競技かるた大会(他),,太宰府大会,1,Sheet1(-):優勝者導出なし
335,6.0,830,第41回全国高等学校小倉百人一首かるた選手権大会(個人戦の部),,高等学校選手権(個人戦),1,Entry(E):優勝者導出なし
336,6.0,849,第7回白瀧杯女流かるた高校選手権大会,,白瀧杯女流高校選手権,1,白瀧杯級(-):優勝者導出なし
337,6.0,854,"第50回太宰府小倉百人一首競技かるた大会(A,B)",,太宰府大会,1,B(B):優勝者導出なし
338,6.0,855,第1回 ちはやふる小倉山杯,2020-02-23,ちはやふる小倉山杯,1,A(A):優勝者導出なし
339,6.0,858,第50回太宰府小倉百人一首競技かるた大会(D),,太宰府大会,1,Ｄ級詳報(D):優勝者導出なし
340,6.0,860,第21回稲城市民かるた大会,2020-02-02,稲城市民大会,1,詳細結果(-):優勝者導出なし
341,6.0,861,オリンピック・パラリンピック記念あわら世界大会,2021-06-06,,1,国際交流級(-):優勝者導出なし
342,6.0,867,第1回競技かるた初段認定青森大会,2021-06-13,初段認定青森大会,1,初段認定級(-):優勝者導出なし
343,6.0,868,第1回競技かるた初段認定宇都宮大会,2021-07-18,初段認定宇都宮大会,1,対戦結果(-):優勝者導出なし
344,6.0,870,第1回競技かるた初段認定富山大会,,初段認定富山大会,1,E(E):優勝者導出なし
345,6.0,871,第1回競技かるた初段認定三重大会,,初段認定三重大会,1,E(E):優勝者導出なし
346,6.0,873,第1回競技かるた初段認定山梨大会,2021-09-20,初段認定山梨大会,1,初段認定大会(-):優勝者導出なし
347,6.0,875,第1回初段認定大阪なにはえ会大会,2021-10-17,初段認定大阪なにはえ会大会,1,Sheet1(-):優勝者導出なし
348,6.0,876,第2回競技かるた初段認定宇都宮大会,2021-10-24,初段認定宇都宮大会,1,対戦表(-):優勝者導出なし
349,6.0,878,第1回競技かるた初段認定静岡大会,2021-12-18,初段認定静岡大会,1,詳細(-):優勝者導出なし
350,6.0,884,第2回初段認定湘南大会,2021-11-23,初段認定湘南大会,1,大会結果(-):優勝者導出なし
351,6.0,885,第1回競技かるた初段認定北九州大会,2021-11-14,初段認定北九州大会,1,詳報(-):優勝者導出なし
352,6.0,889,第1回競技かるた初段認定茨城大会,2021-12-25,初段認定茨城大会,1,E(E):優勝者導出なし
353,6.0,890,第1回競技かるた初段認定島根大会,2021-12-12,初段認定島根大会,1,E(E):優勝者導出なし
354,6.0,892,第1回競技かるた初段認定東京都大会,2021-11-28,初段認定東京都大会,1,対戦成績(-):優勝者導出なし
355,6.0,895,第2回競技かるた初段認定三重大会,,初段認定三重大会,1,E(E):優勝者導出なし
356,6.0,896,第1回初段認定大垣大会,,初段認定大垣大会,1,E(E):優勝者導出なし
357,6.0,897,第3回競技かるた初段認定宇都宮大会,2021-12-26,初段認定宇都宮大会,1,対戦表(-):優勝者導出なし
358,6.0,898,第1回競技かるた初段認定岡山大会,2021-12-26,初段認定岡山大会,1,対戦(-):優勝者導出なし
359,6.0,901,第1回 初段認定前橋大会,2021-11-28,初段認定前橋大会,1,初段認定の部(-):優勝者導出なし
360,6.0,902,第2回競技かるた初段認定滋賀大会,,初段認定滋賀大会,1,F級対戦結果(-):優勝者導出なし
361,6.0,911,第4回競技かるた初段認定 福岡大会,2023-10-29,初段認定福岡大会,1,詳報(-):優勝者導出なし
362,6.0,913,第3回競技かるた初段認定熊本大会,2023-10-29,初段認定熊本大会,1,詳報(-):優勝者導出なし
363,6.0,914,蓮生記念第10回全国競技かるた宇都宮大会,2023-10-28,宇都宮大会,1,A(A):優勝者導出なし
364,6.0,916,第11回全国競技かるた山口大会(11/05),2023-11-05,山口大会,1,後分割(-):優勝者導出なし
365,6.0,919,第3回競技かるた初段認定長崎大会,2023-11-12,初段認定長崎大会,1,詳細(-):優勝者導出なし
366,6.0,922,"第32回全国競技かるた奈良大会(A,B)",2023-11-23,奈良大会,1,A(A):優勝者導出なし
367,6.0,923,"第39回全国競技かるた熊本大会(C,D)",2023-11-26,熊本大会,1,D(D):優勝者導出なし
368,6.0,929,第7回全国競技かるた信州大会(A),2023-12-17,信州大会,1,A級(A):優勝者導出なし
369,6.0,930,第6回競技かるた初段認定静岡大会,2023-12-17,初段認定静岡大会,1,詳細(-):優勝者導出なし
370,6.0,936,"第73回高松宮記念杯近江神宮全国競技かるた大会(A,B)",2024-01-07,高松宮杯,1,A(A):優勝者導出なし
371,6.0,939,第53回太宰府小倉百人一首競技かるた大会(A),2024-01-14,太宰府大会,1,A(A):優勝者導出なし
372,6.0,940,第53回太宰府小倉百人一首競技かるた大会(B),2024-01-13,太宰府大会,1,B(B):優勝者導出なし
373,6.0,942,第2回競技かるた初段認定広島大会,2024-01-14,初段認定広島大会,1,詳細結果(-):優勝者導出なし
374,6.0,951,第77回全国競技かるた東京東会大会(A・01/28),2024-01-28,東京東会大会,1,A3(A):優勝者導出なし
375,6.0,957,第77回全国競技かるた東京東会大会(D),2024-02-18,東京東会大会,1,D(D):優勝者導出なし
376,6.0,958,第1回競技かるた初段認定久留米大会,2024-02-23,初段認定久留米大会,1,詳報(-):優勝者導出なし
377,6.0,959,第103回全国競技かるた横浜大会(A),2024-02-17,横浜大会,1,A級(A):優勝者導出なし
378,6.0,960,第103回全国競技かるた横浜大会(B),2024-02-18,横浜大会,1,B級(B):優勝者導出なし
379,6.0,961,第39回全国選抜かるた大会,2024-03-03,全国選抜大会,1,A(A):優勝者導出なし
380,6.0,967,第4回競技かるた初段認定徳島大会,2024-02-18,初段認定徳島大会,1,大会結果(-):優勝者導出なし
381,6.0,976,"第40回全国競技かるた熊本大会(A,B)",2024-04-27,熊本大会,1,Ｂ級(B):優勝者導出なし
382,6.0,990,第一回全国競技かるた杉並大会,2024-06-23,杉並大会,1,試合結果(-):優勝者導出なし
383,6.0,992,第78回全国競技かるた東京東会大会(B),2024-06-30,東京東会大会,1,B(B):優勝者導出なし
384,6.0,993,第78回全国競技かるた東京東会大会(C),2024-07-07,東京東会大会,1,C(C):優勝者導出なし
385,6.0,994,第78回全国競技かるた東京東会大会(D),2024-06-29,東京東会大会,1,D(D):優勝者導出なし
386,6.0,996,"第40回全国競技かるた宮崎大会(A,B,C)",2024-07-15,宮崎大会,1,C(C):優勝者導出なし
387,6.0,999,第31回全国競技かるた多摩大会(07/27),2024-07-27,多摩大会,1,全体(-):優勝者導出なし
388,6.0,1002,第63回全国競技かるた和歌山大会,2024-08-04,和歌山大会,1,-(-):優勝者導出なし
389,6.0,1007,第46回全国高等学校選手権大会（個人戦）,2024-07-21,高等学校選手権(個人戦),1,A(A):優勝者導出なし
390,6.0,1020,第104回 全国競技かるた横浜大会(A),2024-09-15,横浜大会,1,A(A):優勝者導出なし
391,6.0,1041,蓮生記念第11回全国競技かるた宇都宮大会(ABCD級),2024-10-26,宇都宮大会,1,A(A):優勝者導出なし
392,6.0,1042,第77回全国競技かるた福井大会(D),2024-11-03,福井大会,1,D(D):優勝者導出なし
393,6.0,1045,第104回全国競技かるた横浜大会(D),2024-11-04,横浜大会,1,D(D):優勝者導出なし
394,6.0,1046,"第40回全国競技かるた宮崎大会(D,E)",2024-11-17,宮崎大会,1,D2(D):優勝者導出なし
395,6.0,1049,第95回全国競技かるた学生選手権大会(11/30),2024-11-30,学生選手権,1,対戦結果(-):優勝者導出なし
396,6.0,1051,第12回全国競技かるた山口大会(12/08),2024-12-08,山口大会,1,後分割(-):優勝者導出なし
397,6.0,1052,第12回全国競技かるた山口大会(12/07),2024-12-07,山口大会,1,後分割(-):優勝者導出なし
398,6.0,1055,第74回高松宮記念杯近江神宮全国大会(D),2024-12-15,高松宮杯,1,D3(D):優勝者導出なし
399,6.0,1063,第70回小倉百人一首競技かるた新春全国大会(A),2025-01-13,新春全国大会,1,A(A):優勝者導出なし
400,6.0,1065,第82回全国競技かるた桑名大会(C),2025-01-19,桑名大会,1,C(C):優勝者導出なし
401,6.0,1076,第104回全国競技かるた横浜大会(B),2025-02-11,横浜大会,1,B(B):優勝者導出なし
402,6.0,1077,第78回全国競技かるた東京東会大会(A・02/15),2025-02-15,東京東会大会,1,A(A):優勝者導出なし
403,6.0,1082,第40回全国選抜かるた大会,2025-03-09,全国選抜大会,1,A(A):優勝者導出なし
404,6.0,1083,第104回全国競技かるた横浜大会(C),2025-03-09,横浜大会,1,C(C):優勝者導出なし
405,6.0,1097,小倉百人一首競技かるた 第57回全国女流選手権大会,2025-05-31,女流選手権,1,B(B):優勝者導出なし
406,6.0,1101,第2回全国競技かるた青森大会,2025-06-07,青森大会,1,E(E):優勝者導出なし
407,6.0,1103,"第2回全国競技かるた杉並大会(A,B,C)",2025-06-15,杉並大会,1,A(A):優勝者導出なし
408,6.0,1114,第105回全国競技かるた横浜大会(C),2025-08-17,横浜大会,1,C(C):優勝者導出なし
409,6.0,1115,第105回全国競技かるた横浜大会(B),2025-08-16,横浜大会,1,B(B):優勝者導出なし
410,6.0,1118,第32回全国競技かるた多摩大会(08/10),2025-08-10,多摩大会,1,Sheet1(-):優勝者導出なし
411,6.0,1120,"第53回全国競技かるた大分大会(A,B)",2025-08-24,大分大会,1,A(A):優勝者導出なし
412,6.0,1122,第9回全国競技かるた信州大会(A),2025-08-31,信州大会,1,A級(A):優勝者導出なし
413,6.0,1129,第105回全国競技かるた横浜大会(A),2025-09-14,横浜大会,1,A(A):優勝者導出なし
414,6.0,1132,第44回全国競技かるた東京吉野会大会(B),2025-09-14,東京吉野会大会,1,B(B):優勝者導出なし
415,6.0,1139,第32回全国競技かるた多摩大会(10/11),2025-10-11,多摩大会,1,F(-):優勝者導出なし
416,6.0,1154,第64回全国競技かるた和歌山大会,2025-11-23,和歌山大会,1,-(-):優勝者導出なし
417,6.0,1157,蓮生記念第12回全国競技かるた宇都宮大会,2025-11-22,宇都宮大会,1,A(A):優勝者導出なし
418,6.0,1164,第55回太宰府小倉百人一首競技かるた大会(E),2025-12-07,太宰府大会,1,E(E):優勝者導出なし
419,6.0,1167,第13回全国競技かるた山口大会(12/21),2025-12-21,山口大会,1,後分割(-):優勝者導出なし
420,6.0,1168,第13回全国競技かるた山口大会(12/20),2025-12-20,山口大会,1,後分割(-):優勝者導出なし
421,6.0,1170,第8回全国競技かるた大阪なにはえ大会(A),2025-12-21,大阪なにはえ大会,1,A(A):優勝者導出なし
422,6.0,1174,第75回高松宮記念杯近江神宮全国競技かるた大会(A),2026-01-12,高松宮杯,1,A(A):優勝者導出なし
423,6.0,1197,第41回全国選抜かるた大会,2026-03-08,全国選抜大会,1,A(A):優勝者導出なし
424,6.0,1214,第56回全国競技かるた松山大会,2026-05-31,松山大会,1,Entry(E):優勝者導出なし
425,6.0,1218,小倉百人一首競技かるた 第58回全国女流選手権大会,2026-06-06,女流選手権,1,B(B):優勝者導出なし
426,6.0,1222,第51回太宰府小倉百人一首競技かるた大会,2022-01-09,太宰府大会,1,B(B):優勝者導出なし
427,6.0,1225,第40回全国競技かるた東京吉野会大会(C),2022-01-15,東京吉野会大会,1,C5(C):優勝者導出なし
428,6.0,1228,第1回競技かるた初段認定呉大会,2022-03-27,初段認定呉大会,1,詳細結果(-):優勝者導出なし
429,6.0,1229,第1回競技かるた初段認定長崎大会,2022-03-27,初段認定長崎大会,1,詳細(-):優勝者導出なし
430,6.0,1244,第1回競技かるた初段認定山口大会,2022-04-17,初段認定山口大会,1,結果詳細(-):優勝者導出なし
431,6.0,1255,第2回競技かるた初段認定東京都大会,2022-05-22,初段認定東京都大会,1,対戦成績(-):優勝者導出なし
432,6.0,1257,第4回競技かるた初段認定宇都宮大会,2022-06-05,初段認定宇都宮大会,1,対戦表(-):優勝者導出なし
433,6.0,1265,第1回競技かるた初段認定シンガポール大会,2022-06-19,初段認定シンガポル大会,1,詳細(-):優勝者導出なし
434,6.0,1267,第3回競技かるた初段認定湘南大会,2022-06-19,初段認定湘南大会,1,大会結果(-):優勝者導出なし
435,6.0,1268,第2回競技かるた初段認定大分大会,2022-06-19,初段認定大分大会,1,詳細(-):優勝者導出なし
436,6.0,1269,第8回白瀧杯 女流かるた高校選手権大会,2022-07-03,白瀧杯女流高校選手権,1,白瀧杯級(-):優勝者導出なし
437,6.0,1271,第1回全国競技かるた兵庫県ステップアップ大会,2022-07-10,兵庫県ステップアップ大会,1,E(E):優勝者導出なし
438,6.0,1272,第2回競技かるた初段認定石川大会,2022-07-10,初段認定石川大会,1,結果詳報(-):優勝者導出なし
439,6.0,1273,第2回全国競技かるた初段認定山口大会,2022-07-17,初段認定山口大会,1,結果詳細(-):優勝者導出なし
440,6.0,1275,第76回全国競技かるた東京東会大会,2022-08-11,東京東会大会,1,E(E):優勝者導出なし
441,6.0,1279,第5回競技かるた初段認定宇都宮大会,2022-08-28,初段認定宇都宮大会,1,対戦表(-):優勝者導出なし
442,6.0,1300,第5回全国競技かるた秋田大会,2022-10-02,秋田大会,1,記録(-):優勝者導出なし
443,6.0,1305,第2回競技かるた初段認定島根大会,2022-10-16,初段認定島根大会,1,E(E):優勝者導出なし
444,6.0,1307,第2回全国競技かるた初段認定熊本大会,2022-10-23,初段認定熊本大会,1,詳細(-):優勝者導出なし
445,6.0,1308,第3回競技かるた初段認定福岡大会,2022-10-23,初段認定福岡大会,1,詳報(-):優勝者導出なし
446,6.0,1310,第6回競技かるた初段認定宇都宮大会,2022-10-09,初段認定宇都宮大会,1,対戦表(-):優勝者導出なし
447,6.0,1312,第2回競技かるた初段認定大垣大会,2022-10-09,初段認定大垣大会,1,E(E):優勝者導出なし
448,6.0,1320,第2回競技かるた初段認定秋田大会,2022-11-20,初段認定秋田大会,1,初段認定 (成績表) (2)(-):優勝者導出なし
449,6.0,1321,第12回全国競技かるた岡山大会,2022-11-26,岡山大会,1,D(D):優勝者導出なし
450,6.0,1322,第31回全国競技かるた奈良大会(11/23),2022-11-23,奈良大会,1,-(-):優勝者導出なし
451,6.0,1323,第62回全国競技かるた和歌山大会,2022-11-20,和歌山大会,1,-(-):優勝者導出なし
452,6.0,1324,第3回競技かるた初段認定東京都大会,2022-11-27,初段認定東京都大会,1,対戦成績(-):優勝者導出なし
453,6.0,1325,第7回初段認定宇都宮大会,2022-12-04,初段認定宇都宮大会,1,対戦表(-):優勝者導出なし
454,6.0,1336,第3回競技かるた初段認定三重大会,2022-12-18,初段認定三重大会,1,E(E):優勝者導出なし
455,6.0,1337,第2回競技かるた初段認定岡山大会,2022-12-25,初段認定岡山大会,1,E(E):優勝者導出なし
456,6.0,1341,第52回太宰府小倉百人一首競技かるた大会,2023-01-08,太宰府大会,1,D(D):優勝者導出なし
457,6.0,1348,第3回競技かるた初段認定滋賀大会,2023-01-15,初段認定滋賀大会,1,E(E):優勝者導出なし
458,6.0,1349,第1回競技かるた初段認定広島大会,2023-01-15,初段認定広島大会,1,詳細結果(-):優勝者導出なし
459,6.0,1353,第2回競技かるた初段認定シンガポール大会,2023-02-05,初段認定シンガポル大会,1,詳細(-):優勝者導出なし
460,6.0,1365,第38回全国選抜かるた大会,2023-03-05,全国選抜大会,1,A(A):優勝者導出なし
461,6.0,1368,第3回競技かるた初段認定島根大会,2023-03-19,初段認定島根大会,1,E(E):優勝者導出なし
462,6.0,1371,第2回競技かるた初段認定福井大会,2023-03-19,初段認定福井大会,1,E1(E):優勝者導出なし
463,6.0,1372,第42回全国競技かるた鹿児島大会,2023-03-19,鹿児島大会,1,E(E):優勝者導出なし
464,6.0,1375,第8回競技かるた初段認定宇都宮大会,2023-02-18,初段認定宇都宮大会,1,対戦表(-):優勝者導出なし
465,6.0,1379,第1回競技かるた初段認定四国支部大会,2023-04-02,初段認定四国支部大会,1,詳報(-):優勝者導出なし
466,6.0,1386,第41回全国競技かるた東京吉野会大会(D),2023-05-03,東京吉野会大会,1,D3(D):優勝者導出なし
467,6.0,1395,第3回競技かるた初段認定石川大会,2023-06-11,初段認定石川大会,1,結果詳報(-):優勝者導出なし
468,6.0,1397,第4回競技かるた初段認定東京都大会,2023-06-25,初段認定東京都大会,1,対戦成績(-):優勝者導出なし
469,6.0,1399,第77回全国競技かるた東京東会大会(B),2023-06-25,東京東会大会,1,B(B):優勝者導出なし
470,6.0,1400,第77回全国競技かるた東京東会大会(C),2023-06-24,東京東会大会,1,C(C):優勝者導出なし
471,6.0,1404,第3回競技かるた初段認定愛媛大会,2023-07-16,初段認定愛媛大会,1,初段認定級(-):優勝者導出なし
472,6.0,1415,第3回競技かるた初段認定大垣大会,2023-08-11,初段認定大垣大会,1,E(E):優勝者導出なし
473,6.0,1417,第4回競技かるた初段認定鹿児島大会,2023-08-11,初段認定鹿児島大会,1,詳　報(-):優勝者導出なし
474,6.0,1422,"第76回全国競技かるた福井大会(B,E)",2023-09-03,福井大会,1,E(E):優勝者導出なし
475,6.0,1423,第5回競技かるた初段認定静岡大会,2023-09-03,初段認定静岡大会,1,詳細(-):優勝者導出なし
476,6.0,1433,第4回競技かるた初段認定大垣大会,2023-10-08,初段認定大垣大会,1,対戦結果(-):優勝者導出なし
477,6.0,1444,第1回競技かるた初段認定東京都高等学校大会,2021-12-28,初段認定東京都高等学校大会,1,ＩＤ順(-):優勝者導出なし
478,6.0,1445,第3回競技かるた初段認定東京都高等学校大会,2023-11-03,初段認定東京都高等学校大会,1,ID順(-):優勝者導出なし
479,6.0,1451,第1回競技かるた初段認定佐賀大会,2022-03-19,初段認定佐賀大会,1,詳細(-):優勝者導出なし
480,6.0,1452,第1回競技かるた初段認定福井大会,2022-03-20,初段認定福井大会,1,詳細(-):優勝者導出なし
481,6.0,1453,第3回全国競技かるた初段認定鹿児島大会,2022-08-11,初段認定鹿児島大会,1,詳細(-):優勝者導出なし
482,6.0,1456,第22回多摩百人一首かるた大会 初心者の部(八王子市大会),2014-10-12,多摩大会初心者の部,1,F級(-):優勝者導出なし
483,6.0,1506,第1回競技かるた初段認定台湾大会,2023-12-09,初段認定台湾大会,1,初段認定(-):優勝者導出なし
484,6.0,1512,第3回競技かるた初段認定徳島大会,2023-06-04,初段認定徳島大会,1,対戦結果(-):優勝者導出なし
485,5.3,256,"第68回全国かるた競技福井大会(A,B)",2015-06-14,福井大会,1,A(A):相手未解決5%(6件)
486,4.9,257,第17回全国かるた競技富山大会,2015-09-12,富山大会,1,A(A):相手未解決5%(6件)
487,4.9,988,第36回全日本シニア選手権大会,2024-06-15,シニア選手権,1,C1(C):相手未解決2%(1件); ミラー欠落3%(1件)
488,4.8,130,第1回奥の細道結びの地全国かるた大垣大会(A),2013-05-05,大垣大会,1,A(A):相手未解決5%(6件)
489,4.3,594,"第84回椿杯争奪全国競技かるた大会(A,B,C)",2020-11-29,椿杯大会,1,A(A):相手未解決4%(2件)
490,4.1,610,"第85回椿杯争奪全国競技かるた大会(A,B,C)",2021-05-15,椿杯大会,1,A(A):相手未解決4%(2件)
491,4.0,1219,"第40回全国競技かるたさがみ野大会(D,E)",2026-06-07,さがみ野大会,1,E3(E):選手名ゴミ1件; 相手名ゴミ2件
492,3.7,5,第45回椿雄太郎杯争奪全国かるた競技大会,2010-12-05,椿雄太郎杯大会,1,A(A):相手未解決4%(4件)
493,3.7,199,第16回全国かるた競技富山大会,2014-09-13,富山大会,1,A(A):相手未解決4%(4件)
494,3.7,402,第19回全国競技かるた富山大会,2017-09-16,富山大会,1,A(A):相手未解決4%(4件)
495,3.7,411,第35回小倉百人一首かるた競技宮崎大会,2017-10-29,宮崎大会,1,D5(D):相手未解決4%(2件)
496,3.7,1155,第34回全国競技かるた奈良大会,2025-11-23,奈良大会,1,E13(E):相手未解決4%(1件)
497,3.5,192,第22回多摩百人一首かるた大会(D),2014-07-20,多摩大会,1,D10(D):相手未解決4%(2件)
498,3.5,418,第1回全国競技かるた信州大会~in佐久(A),2017-08-06,信州大会,1,A(A):相手未解決4%(4件)
499,3.5,520,第20回上杉杯争奪全国競技かるた大会,2019-04-13,上杉杯大会,1,D3(D):相手未解決4%(2件)
500,3.4,273,"第12回全国競技かるた香川大会(D,E)",2015-09-20,香川大会,1,D1(D):相手未解決3%(2件)
501,3.4,410,"第19回全国競技かるた愛知大会(D,E)",2017-12-03,愛知大会,1,D5(D):相手未解決3%(2件)
502,3.4,1166,第75回高松宮記念杯近江神宮全国競技かるた大会(D),2025-12-14,高松宮杯,1,D2(D):相手未解決3%(2件)
503,3.3,87,"第26回全国かるたさがみ野大会(D,E)",2012-05-04,さがみ野大会,1,D3(D):相手未解決3%(2件)
504,3.3,216,第36回北日本かるた競技新人戦,2014-12-06,北日本新人戦,1,F(-):相手未解決3%(2件)
505,3.3,249,第23回全国競技かるた多摩大会(E),2015-07-26,多摩大会,1,E8(E):相手未解決3%(2件)
506,3.3,431,第29回全国競技かるた水沢大会,2018-09-23,水沢大会,1,D1(D):相手未解決3%(2件)
507,3.3,472,第19回上杉杯争奪全国かるた競技大会,2018-04-14,上杉杯大会,1,D3(D):相手未解決3%(2件)
508,3.3,500,"第35回全国競技かるた熊本大会(D,E)",2019-02-24,熊本大会,1,D1(D):相手未解決3%(2件)
509,3.3,1254,第1回全国競技かるた山梨大会(D),2022-05-29,山梨大会,1,D級(D):相手未解決3%(2件)
510,3.2,194,第22回多摩百人一首かるた大会(E),2014-07-27,多摩大会,1,E8(E):相手未解決3%(2件)
511,3.2,247,第23回全国競技かるた多摩大会(D),2015-07-19,多摩大会,1,D9(D):相手未解決3%(2件)
512,3.2,627,第40回全国競技かるた東京吉野会大会(B),2021-12-19,東京吉野会大会,1,B2(B):相手未解決3%(2件)
513,3.1,253,第16回上杉杯争奪全国かるた競技大会,2015-04-25,上杉杯大会,1,D(D):相手未解決3%(6件)
514,3.0,51,"第42回太宰府小倉百人一首かるた競技大会(A,B,C)",2012-01-03,太宰府大会,1,C2(C):相手未解決3%(3件)
515,2.9,178,第47回全国かるた競技静岡大会,2014-02-16,静岡大会,1,C1(C):ミラー欠落3%(2件)
516,2.8,579,"第101回全国百人一首競技かるた横浜大会(A,B)",2020-01-26,横浜大会,1,A(A):ミラー欠落3%(8件)
517,2.6,350,"第7回全国競技かるた岡山大会(A,B,C)",2016-11-27,岡山大会,1,C2(C):ミラー欠落3%(2件)
518,2.6,352,熊本・大分復興支援シャリテ全国競技かるた酒田大会,2016-11-13,,1,C(C):ミラー欠落3%(2件)
519,2.6,1001,"第29回人麿の里・全国競技かるた益田大会(C,D)",2024-08-03,益田大会,1,D1(D):ミラー欠落3%(1件)
520,2.1,86,第30回小倉百人一首かるた競技宮崎大会,2012-11-18,宮崎大会,1,C(C):相手未解決2%(2件)
521,2.1,499,"第72回全国競技かるた東京東会大会(A,B,C)",2019-01-20,東京東会大会,1,C1(C):ミラー欠落2%(2件)
522,2.0,67,第13回上杉杯争奪全国かるた競技大会,2012-04-28,上杉杯大会,1,A(A):相手未解決2%(2件)
523,2.0,81,第47回椿雄太郎杯争奪全国かるた競技大会,2012-12-02,椿雄太郎杯大会,1,D2(D):相手未解決2%(2件)
524,2.0,927,"第7回全国競技かるた信州大会(B,C)",2023-11-26,信州大会,1,B2(B):ミラー欠落2%(2件)
525,2.0,978,第19回全国競技かるた兵庫大会,2024-04-29,兵庫大会,1,B1(B):ミラー欠落2%(2件)
