series,year,edition,分類,原本パス,形式,備考,_csv_series,_status_raw,_hp_filetypes_raw,_report_reason_raw,_sample_raw
さがみ野大会,2022,35,c,,none,会員ページに大会行自体はあるが、結果ファイルの掲載がない(no_result扱い)。会員ページ側にそもそも原本が存在しないため、コーパス探索では回収不能。,さがみ野大会,NOT_IN_CORPUS,none,HPに結果ファイル無,第35回全国競技かるたさがみ野大会
ちはやふる小倉山杯,2021,2,c,,none,会員ページに大会行自体はあるが、結果ファイルの掲載がない(no_result扱い)。会員ページ側にそもそも原本が存在しないため、コーパス探索では回収不能。,ちはやふる小倉山杯,NOT_IN_CORPUS,none,HPに結果ファイル無,★小倉百人一首競技かるた第2回ちはやふる小倉山杯
ちはやふる小倉山杯,2022,3,c,,none,series_coverage.csv は IN_CORPUS(取込済)と表示するが hp_filetypes=none(HP自体に結果ファイルなし)と矛盾する。series_coverage.py の日付一致フォールバック(同日開催の別大会が同じcorpus_datesに存在するとinc=Trueになる仕様)による誤検出と判断。実体は原本なし。,ちはやふる小倉山杯,IN_CORPUS,none,,[YouTube中継あり]小倉百人一首競技かるた第3回ちはやふる小倉山杯
ちはやふる小倉山杯,2023,4,c,,none,series_coverage.csv は IN_CORPUS(取込済)と表示するが hp_filetypes=none(HP自体に結果ファイルなし)と矛盾する。series_coverage.py の日付一致フォールバック(同日開催の別大会が同じcorpus_datesに存在するとinc=Trueになる仕様)による誤検出と判断。実体は原本なし。,ちはやふる小倉山杯,IN_CORPUS,none,,第4回ちはやふる小倉山杯
ちはやふる小倉山杯,2024,5,c,,none,series_coverage.csv は IN_CORPUS(取込済)と表示するが hp_filetypes=none(HP自体に結果ファイルなし)と矛盾する。series_coverage.py の日付一致フォールバック(同日開催の別大会が同じcorpus_datesに存在するとinc=Trueになる仕様)による誤検出と判断。実体は原本なし。,ちはやふる小倉山杯,IN_CORPUS,none,,小倉百人一首競技かるた第5回ちはやふる小倉山杯
ちはやふる小倉山杯,2025,6,c,,none,series_coverage.csv は IN_CORPUS(取込済)と表示するが hp_filetypes=none(HP自体に結果ファイルなし)と矛盾する。series_coverage.py の日付一致フォールバック(同日開催の別大会が同じcorpus_datesに存在するとinc=Trueになる仕様)による誤検出と判断。実体は原本なし。,ちはやふる小倉山杯,IN_CORPUS,none,,小倉百人一首競技かるた第6回ちはやふる小倉山杯
ちはやふる小倉山杯,2026,7,c+d,,none,会員ページに大会行自体はあるが、結果ファイルの掲載がない(no_result扱い)。会員ページ側にそもそも原本が存在しないため、コーパス探索では回収不能。 ただし2026年開催のため、単に結果がまだ未公表なだけの可能性が高い(監査基準日2026-06-26時点)。数ヶ月後に再確認を推奨。,ちはやふる小倉山杯,NOT_IN_CORPUS,none,HPに結果ファイル無,小倉百人一首競技かるた第7回ちはやふる小倉山杯
シニア選手権,2016,28,c,karuta_results/2016/769_160514dai28kai_senior_result.xls,excel(単一シート),原本Excelは実在するが中身は「優勝回数集計」表のみ(級別優勝者名の一覧)。個々の対戦結果(誰対誰、何枚)は含まれない。実質、入賞者のみ資料と同種＝取込不能。report記載は「特殊形式/未取込」だが内容精査の結果、対戦データ非包含と判明(本セッションでxlrd実査)。,シニア選手権大会,NOT_IN_CORPUS,excel,特殊形式/未取込(要確認),第28回全日本競技かるたシニア選手権大会
シニア選手権,2026,38,c+d,,none,会員ページに大会行自体はあるが、結果ファイルの掲載がない(no_result扱い)。会員ページ側にそもそも原本が存在しないため、コーパス探索では回収不能。 ただし2026年開催のため、単に結果がまだ未公表なだけの可能性が高い(監査基準日2026-06-26時点)。数ヶ月後に再確認を推奨。,シニア選手権大会,NOT_IN_CORPUS,none,HPに結果ファイル無,小倉百人一首競技かるた第38回全日本シニア選手権大会
テブル大会,2023,1,e,karuta_results/new/8760.xlsx,excel(スコープ外),COVERAGE_classification.md §2 に明記: 「テーブルかるたは競技かるたと別種目のためユーザー判断で保留」(2026-06-26)。原本は存在し実際に一度は解析コーパスに含まれていた(IN_CORPUS)が、意図的にDB投入対象から除外されている。取込漏れではなくスコープ外。,テブル大会,IN_CORPUS,excel,,小倉百人一首 第1回テーブルかるた大会
テブル大会,2024,2,e,,(HPに結果ファイル無),上記と同一シリーズ(テーブルかるた=スコープ外)。加えてHP自体に結果ファイル掲載なし。,テブル大会,IN_CORPUS,none,,小倉百人一首第2回テーブルかるた大会
ドイツミュンヘン大会,2019,1,a,karuta_results/2019/1316_Munich_shosai.xlsx,excel,"COVERAGE_classification.md §3「救済済み」に ""1316_Munich"" として掲載済＝2026-06-26 recovery.jsonl 経由でリハDBに投入済のはず。series_coverage.csv では NOT_IN_CORPUS表示だが、これは series_coverage.py 内 RECOVERY_MAP の名寄せ(""ミュンヘン大会""→別mkey)が原因の判定バグと判断(本セッションでコード確認)。★最優先: 再パース不要。まず本番/リハDBに「ミュンヘン」関連tournamentが存在するか、edition_idとリンクされているかを確認すべき(DB調査は次フェーズ)。",ドイツミュンヘン大会,NOT_IN_CORPUS,excel,特殊形式/未取込(要確認),第1回ドイツ・ミュンヘンかるた大会
バンコク大会,2010,6,b,,pdf/doc,HP上の結果ファイルがPDFまたはWord形式。現行の標準Excel/HTMLパーサでは非対応。ファイル自体はharvest済(karuta_results配下)。,バンコク大会,NOT_IN_CORPUS,pdf/doc,PDF/Word(未パース),第6回バンコクかるた大会
バンコク大会,2014,2,b,,pdf/doc,HP上の結果ファイルがPDFまたはWord形式。現行の標準Excel/HTMLパーサでは非対応。ファイル自体はharvest済(karuta_results配下)。,バンコク大会,NOT_IN_CORPUS,pdf/doc,PDF/Word(未パース),第2回百人一首バンコクかるた大会
世代別交流大会,2025,2,c,,none,series_coverage.csv は IN_CORPUS(取込済)と表示するが hp_filetypes=none(HP自体に結果ファイルなし)と矛盾する。series_coverage.py の日付一致フォールバック(同日開催の別大会が同じcorpus_datesに存在するとinc=Trueになる仕様)による誤検出と判断。実体は原本なし。,世代別交流大会,IN_CORPUS,none,,第2回全国競技かるた世代別交流大会
中学生選手権(個人戦),2019,31,b,,pdf/doc,HP上の結果ファイルがPDFまたはWord形式。現行の標準Excel/HTMLパーサでは非対応。ファイル自体はharvest済(karuta_results配下)。,中学生選手権大会,NOT_IN_CORPUS,pdf/doc,PDF/Word(未パース),★小倉百人一首競技かるた第31回全国中学生選手権大会
中学生選手権(個人戦),2026,38,c+d,,none,会員ページに大会行自体はあるが、結果ファイルの掲載がない(no_result扱い)。会員ページ側にそもそも原本が存在しないため、コーパス探索では回収不能。 ただし2026年開催のため、単に結果がまだ未公表なだけの可能性が高い(監査基準日2026-06-26時点)。数ヶ月後に再確認を推奨。,中学生選手権大会,NOT_IN_CORPUS,none,HPに結果ファイル無,小倉百人一首競技かるた第38回全国中学生選手権大会（個人戦）
九州地区高等学校大会,2014,4,b,karuta_results/2014/572_2014_kyushu_koukousei_result.xls,excel(順位戦/N回戦ブロック),対戦データ実在(氏名/所属/相手/勝敗/枚数をN回戦ブロックで反復記載する総当たり形式)。本セッションでxlrd実査し確認。既存 positional.py の「N回戦」署名検出と類似構造だが級別ブロック混在のため要検証。,九州地区高等学校大会,NOT_IN_CORPUS,excel,特殊形式/未取込(要確認),第4回九州地区高等学校小倉百人一首かるた競技大会
京都大会,2026,78,c+d,,none,会員ページに大会行自体はあるが、結果ファイルの掲載がない(no_result扱い)。会員ページ側にそもそも原本が存在しないため、コーパス探索では回収不能。 ただし2026年開催のため、単に結果がまだ未公表なだけの可能性が高い(監査基準日2026-06-26時点)。数ヶ月後に再確認を推奨。,京都大会,NOT_IN_CORPUS,none,HPに結果ファイル無,第78回全国競技かるた京都大会
全九州高等学校総合文化祭沖縄大会部門,2017,1,b,,pdf/doc,HP上の結果ファイルがPDFまたはWord形式。現行の標準Excel/HTMLパーサでは非対応。ファイル自体はharvest済(karuta_results配下)。,全九州高等学校総合文化祭沖縄大会部門,NOT_IN_CORPUS,pdf/doc,PDF/Word(未パース),第1回全九州高等学校総合文化祭沖縄大会 小倉百人一首かるた部門（1日目）
全国選抜大会,2022,37,c,,none,会員ページに大会行自体はあるが、結果ファイルの掲載がない(no_result扱い)。会員ページ側にそもそも原本が存在しないため、コーパス探索では回収不能。,選抜大会,NOT_IN_CORPUS,none,HPに結果ファイル無,第37回全国選抜大会
兵庫県大会,2021,15,c,,none,会員ページに大会行自体はあるが、結果ファイルの掲載がない(no_result扱い)。会員ページ側にそもそも原本が存在しないため、コーパス探索では回収不能。,兵庫県大会,NOT_IN_CORPUS,none,HPに結果ファイル無,"★第15回競技かるた兵庫県大会
        
	【後援】"
初段認定三原大会,2022,1,b,karuta_results/new/6414.xls,excel(暗号化),COVERAGE_classification.md §6 記載の通りパスワード暗号化(XLRDError)。パスワード入手が前提。現行パーサでは開封不可。,初段認定三原大会,IN_CORPUS,excel,,第1回競技かるた初段認定三原大会
初段認定上海大会,2024,1,c,,none,series_coverage.csv は IN_CORPUS(取込済)と表示するが hp_filetypes=none(HP自体に結果ファイルなし)と矛盾する。series_coverage.py の日付一致フォールバック(同日開催の別大会が同じcorpus_datesに存在するとinc=Trueになる仕様)による誤検出と判断。実体は原本なし。,初段認定上海大会,IN_CORPUS,none,,第1回競技かるた初段認定上海大会
初段認定兵庫大会,2022,1,c,,none,会員ページに大会行自体はあるが、結果ファイルの掲載がない(no_result扱い)。会員ページ側にそもそも原本が存在しないため、コーパス探索では回収不能。,初段認定兵庫大会,NOT_IN_CORPUS,none,HPに結果ファイル無,第1回競技かるた初段認定兵庫大会
初段認定和歌山大会,2024,2,c,,none,会員ページに大会行自体はあるが、結果ファイルの掲載がない(no_result扱い)。会員ページ側にそもそも原本が存在しないため、コーパス探索では回収不能。,初段認定和歌山大会,NOT_IN_CORPUS,none,HPに結果ファイル無,第2回競技かるた初段認定和歌山大会
初段認定大分大会,2021,1,c,,none,会員ページに大会行自体はあるが、結果ファイルの掲載がない(no_result扱い)。会員ページ側にそもそも原本が存在しないため、コーパス探索では回収不能。,初段認定大分大会,NOT_IN_CORPUS,none,HPに結果ファイル無,★第1回競技かるた初段認定大分大会
初段認定島根大会,2023,5,c,,none,series_coverage.csv は IN_CORPUS(取込済)と表示するが hp_filetypes=none(HP自体に結果ファイルなし)と矛盾する。series_coverage.py の日付一致フォールバック(同日開催の別大会が同じcorpus_datesに存在するとinc=Trueになる仕様)による誤検出と判断。実体は原本なし。,初段認定島根大会,IN_CORPUS,none,,第5回競技かるた初段認定島根大会
初段認定愛媛大会,2021,1,b,,pdf/doc,HP上の結果ファイルがPDFまたはWord形式。現行の標準Excel/HTMLパーサでは非対応。ファイル自体はharvest済(karuta_results配下)。,初段認定愛媛大会,NOT_IN_CORPUS,pdf/doc,PDF/Word(未パース),★第1回競技かるた初段認定愛媛大会
初段認定朝倉大会,2022,1,c,,none,会員ページに大会行自体はあるが、結果ファイルの掲載がない(no_result扱い)。会員ページ側にそもそも原本が存在しないため、コーパス探索では回収不能。,初段認定朝倉大会,NOT_IN_CORPUS,none,HPに結果ファイル無,第1回競技かるた初段認定朝倉大会
初段認定東京都高等学校大会,2022,2,c,,none,series_coverage.csv は IN_CORPUS(取込済)と表示するが hp_filetypes=none(HP自体に結果ファイルなし)と矛盾する。series_coverage.py の日付一致フォールバック(同日開催の別大会が同じcorpus_datesに存在するとinc=Trueになる仕様)による誤検出と判断。実体は原本なし。,初段認定東京都高等学校大会,IN_CORPUS,none,,第2回競技かるた初段認定東京都高等学校大会
初段認定東大阪会大会,2022,1,c,,none,会員ページに大会行自体はあるが、結果ファイルの掲載がない(no_result扱い)。会員ページ側にそもそも原本が存在しないため、コーパス探索では回収不能。,初段認定東大阪会大会,NOT_IN_CORPUS,none,HPに結果ファイル無,第1回競技かるた初段認定東大阪かるた会大会
初段認定湘南大会,2021,1,b,"karuta_results/new/5720.xlsx (2022-10 WP再掲載, mdl_id=5720, orig=第1回湘南大会結果報告.xlsx)",excel(順位戦/N回戦ブロック),"2021年開催予定分は《延期》扱いでHP上は結果ファイル無(no_result)。実際の結果は2022年に新WP上へ「第1回競技かるた湘南大会」として掲載され、mdl_id=5720のxlsxに対戦データが実在(氏名/所属/相手/勝敗/枚数×5回戦、本セッションでopenpyxl実査)。年またぎのため series_coverage.csv 上は edition=1,2021 に紐付かず見落とされていた可能性。順位戦形式で現行の標準パーサでは列構造が合わず未取込と推定。",初段認定湘南大会,NOT_IN_CORPUS,excel/none,特殊形式/未取込(要確認),★第1回競技かるた初段認定湘南大会
初段認定熊本大会,2021,1,b,,pdf/doc,HP上の結果ファイルがPDFまたはWord形式。現行の標準Excel/HTMLパーサでは非対応。ファイル自体はharvest済(karuta_results配下)。,初段認定熊本大会,NOT_IN_CORPUS,none/pdf/doc,PDF/Word(未パース),★第1回競技かるた初段認定熊本大会
初段認定福岡大会,2021,1,b,,pdf/doc,HP上の結果ファイルがPDFまたはWord形式。現行の標準Excel/HTMLパーサでは非対応。ファイル自体はharvest済(karuta_results配下)。,初段認定福岡大会,NOT_IN_CORPUS,pdf/doc,PDF/Word(未パース),★第1回競技かるた初段認定福岡大会
初段認定秋田大会,2022,1,c,,none,会員ページに大会行自体はあるが、結果ファイルの掲載がない(no_result扱い)。会員ページ側にそもそも原本が存在しないため、コーパス探索では回収不能。,初段認定秋田大会,NOT_IN_CORPUS,none,HPに結果ファイル無,第1回競技かるた初段認定秋田大会
初段認定茨城大会,2023,3,b,karuta_results/new/9894.pdf,pdf,"HP上の結果ファイルはPDFのみ(mdl_id=9894, status=OK)。series_coverage.csv は IN_CORPUS表示だが hp_filetypes=pdf(excelなし)であり、標準Excel/HTMLパーサでは対応不可。PDF専用処理(手動転記/OCR)が必要。IN_CORPUSフラグは日付一致フォールバックによる誤検出の可能性が高い。",初段認定茨城大会,IN_CORPUS,pdf,,第3回競技かるた初段認定茨城大会
初段認定鹿児島大会,2021,1,b,,pdf/doc,HP上の結果ファイルがPDFまたはWord形式。現行の標準Excel/HTMLパーサでは非対応。ファイル自体はharvest済(karuta_results配下)。,初段認定鹿児島大会,NOT_IN_CORPUS,none/pdf/doc,PDF/Word(未パース),★第1回競技かるた初段認定鹿児島大会
初段認定鹿児島大会,2022,2,c,,none,会員ページに大会行自体はあるが、結果ファイルの掲載がない(no_result扱い)。会員ページ側にそもそも原本が存在しないため、コーパス探索では回収不能。,初段認定鹿児島大会,NOT_IN_CORPUS,none,HPに結果ファイル無,第2回競技かるた初段認定鹿児島大会
前橋大会,2012,1,c,,none,会員ページに大会行自体はあるが、結果ファイルの掲載がない(no_result扱い)。会員ページ側にそもそも原本が存在しないため、コーパス探索では回収不能。,前橋大会,NOT_IN_CORPUS,none,HPに結果ファイル無,"第1回前橋百人一首かるた大会
        
	【後援】"
前橋大会,2018,7,c,,none,会員ページに大会行自体はあるが、結果ファイルの掲載がない(no_result扱い)。会員ページ側にそもそも原本が存在しないため、コーパス探索では回収不能。,前橋大会,NOT_IN_CORPUS,none,HPに結果ファイル無,"★第7回前橋百人一首かるた大会
        
	【後援】"
前橋大会,2019,8,c,,none,会員ページに大会行自体はあるが、結果ファイルの掲載がない(no_result扱い)。会員ページ側にそもそも原本が存在しないため、コーパス探索では回収不能。,前橋大会,NOT_IN_CORPUS,none,HPに結果ファイル無,"★第8回前橋百人一首かるた大会
        
	【後援】"
北京大会,2011,4,b,,pdf/doc,HP上の結果ファイルがPDFまたはWord形式。現行の標準Excel/HTMLパーサでは非対応。ファイル自体はharvest済(karuta_results配下)。,北京大会,NOT_IN_CORPUS,pdf/doc,PDF/Word(未パース),第4回小倉百人一首かるた北京大会
北京大会,2012,5,b,,pdf/doc,HP上の結果ファイルがPDFまたはWord形式。現行の標準Excel/HTMLパーサでは非対応。ファイル自体はharvest済(karuta_results配下)。,北京大会,NOT_IN_CORPUS,pdf/doc,PDF/Word(未パース),第5回小倉百人一首かるた北京大会
北日本新人戦,2011,30,c,,none,会員ページに大会行自体はあるが、結果ファイルの掲載がない(no_result扱い)。会員ページ側にそもそも原本が存在しないため、コーパス探索では回収不能。,北日本新人戦,NOT_IN_CORPUS,none,HPに結果ファイル無,"第30回北日本かるた競技新人戦
        
	【後援】"
北日本新人戦,2016,38,c,,none,会員ページに大会行自体はあるが、結果ファイルの掲載がない(no_result扱い)。会員ページ側にそもそも原本が存在しないため、コーパス探索では回収不能。,北日本新人戦,NOT_IN_CORPUS,none,HPに結果ファイル無,"第38回北日本かるた競技新人戦
        
	【後援】"
北日本選手権,2020,2,c,,none,会員ページに大会行自体はあるが、結果ファイルの掲載がない(no_result扱い)。会員ページ側にそもそも原本が存在しないため、コーパス探索では回収不能。,北日本選手権大会及び第2回北日本小中学生選手権大会,NOT_IN_CORPUS,none,HPに結果ファイル無,"★第2回北日本競技かるた選手権大会及び第2回北日本競技かるた小中学生選手権大会
        
	【後援】"
北日本選手権,2025,6,c,,none,series_coverage.csv は IN_CORPUS(取込済)と表示するが hp_filetypes=none(HP自体に結果ファイルなし)と矛盾する。series_coverage.py の日付一致フォールバック(同日開催の別大会が同じcorpus_datesに存在するとinc=Trueになる仕様)による誤検出と判断。実体は原本なし。,北日本選手権大会,IN_CORPUS,none,,第6回北日本競技かるた選手権大会
千葉県大会,2012,2,b,,pdf/doc,HP上の結果ファイルがPDFまたはWord形式。現行の標準Excel/HTMLパーサでは非対応。ファイル自体はharvest済(karuta_results配下)。,千葉県大会,NOT_IN_CORPUS,pdf/doc,PDF/Word(未パース),第2回千葉県かるた大会
千葉県大会,2013,3,c,,none,会員ページに大会行自体はあるが、結果ファイルの掲載がない(no_result扱い)。会員ページ側にそもそも原本が存在しないため、コーパス探索では回収不能。,千葉県大会,NOT_IN_CORPUS,none,HPに結果ファイル無,"第3回千葉県かるた大会
        
	【後援】"
千葉県大会,2014,4,c,,none,会員ページに大会行自体はあるが、結果ファイルの掲載がない(no_result扱い)。会員ページ側にそもそも原本が存在しないため、コーパス探索では回収不能。,千葉県大会,NOT_IN_CORPUS,none,HPに結果ファイル無,"第4回千葉県かるた大会
        
	【後援】"
千葉県大会,2015,5,b,,pdf/doc,HP上の結果ファイルがPDFまたはWord形式。現行の標準Excel/HTMLパーサでは非対応。ファイル自体はharvest済(karuta_results配下)。,千葉県大会,NOT_IN_CORPUS,pdf/doc,PDF/Word(未パース),第5回千葉県かるた大会
多摩大会,2026,33,c+d,,none,会員ページに大会行自体はあるが、結果ファイルの掲載がない(no_result扱い)。会員ページ側にそもそも原本が存在しないため、コーパス探索では回収不能。 ただし2026年開催のため、単に結果がまだ未公表なだけの可能性が高い(監査基準日2026-06-26時点)。数ヶ月後に再確認を推奨。,多摩大会,NOT_IN_CORPUS,none,HPに結果ファイル無,第33回全国競技かるた多摩大会
多摩大会初心者の部,2011,19,b,karuta_results/2011/120_2011tama_beginner_detail.xls,excel(順位戦/N回戦ブロック),対戦データ実在(氏名/所属/相手/勝敗/枚数)。本セッションでxlrd実査。順位戦形式。,多摩大会初心者の部,NOT_IN_CORPUS,excel,特殊形式/未取込(要確認),第19回多摩百人一首かるた大会 初心者の部（西東京市大会）
多摩大会初心者の部,2012,20,b,,pdf/doc,HP上の結果ファイルがPDFまたはWord形式。現行の標準Excel/HTMLパーサでは非対応。ファイル自体はharvest済(karuta_results配下)。,多摩大会初心者の部,NOT_IN_CORPUS,pdf/doc,PDF/Word(未パース),第20回多摩百人一首かるた大会 初心者の部（瑞穂町大会）
多摩大会初心者の部,2013,21,b,karuta_results/2013/352_tama_syosin_kekka_2013.xls,excel(順位戦/N回戦ブロック),対戦データ実在(氏名/所属/相手/勝敗/枚数)。本セッションでxlrd実査。順位戦形式。,多摩大会初心者の部,NOT_IN_CORPUS,excel,特殊形式/未取込(要確認),第21回多摩百人一首かるた大会 初心者の部（稲城市大会）
多摩大会初心者の部,2015,23,b,,pdf/doc,HP上の結果ファイルがPDFまたはWord形式。現行の標準Excel/HTMLパーサでは非対応。ファイル自体はharvest済(karuta_results配下)。,多摩大会初心者の部,NOT_IN_CORPUS,pdf/doc,PDF/Word(未パース),第23回多摩百人一首かるた大会 初心者の部（武蔵村山市大会）
大分大会,2026,54,c+d,,none,会員ページに大会行自体はあるが、結果ファイルの掲載がない(no_result扱い)。会員ページ側にそもそも原本が存在しないため、コーパス探索では回収不能。 ただし2026年開催のため、単に結果がまだ未公表なだけの可能性が高い(監査基準日2026-06-26時点)。数ヶ月後に再確認を推奨。,大分大会,NOT_IN_CORPUS,none,HPに結果ファイル無,一般社団法人全日本かるた協会 法人化30周年記念  第54回全国競技かるた大分大会
大学選手権,2012,19,b,karuta_results/2012/238_2012_university_individual_match_result.xls,excel(順位戦/N回戦ブロック、9シート),個人戦ファイルは別ファイル(238番、団体戦237番とは別)で対戦データ実在。本セッションでxlrd実査。順位戦形式(1年生の部/2年生の部A/B等シート分割)。,大学選手権大会,NOT_IN_CORPUS,excel,特殊形式/未取込(要確認),第19回全日本大学かるた選手権大会（個人戦）
大学選手権,2013,20,c,,none,会員ページに大会行自体はあるが、結果ファイルの掲載がない(no_result扱い)。会員ページ側にそもそも原本が存在しないため、コーパス探索では回収不能。,大学選手権大会,NOT_IN_CORPUS,none,HPに結果ファイル無,第20回全日本大学かるた選手権大会（個人戦）
大学選手権,2014,21,c,,none,会員ページに大会行自体はあるが、結果ファイルの掲載がない(no_result扱い)。会員ページ側にそもそも原本が存在しないため、コーパス探索では回収不能。,大学選手権大会,NOT_IN_CORPUS,none,HPに結果ファイル無,"第21回全日本大学かるた選手権大会（個人戦）
        
	【後援】"
大阪大会,2022,102,c,,none,会員ページに大会行自体はあるが、結果ファイルの掲載がない(no_result扱い)。会員ページ側にそもそも原本が存在しないため、コーパス探索では回収不能。,大阪大会,NOT_IN_CORPUS,none,HPに結果ファイル無,第102回全国競技かるた大阪大会
女流選手権,2019,51,c,,none,会員ページに大会行自体はあるが、結果ファイルの掲載がない(no_result扱い)。会員ページ側にそもそも原本が存在しないため、コーパス探索では回収不能。,女流選手権大会,NOT_IN_CORPUS,none,HPに結果ファイル無,★小倉百人一首競技かるた第51回全国女流選手権大会
宮崎大会,2026,42,c+d,,none,会員ページに大会行自体はあるが、結果ファイルの掲載がない(no_result扱い)。会員ページ側にそもそも原本が存在しないため、コーパス探索では回収不能。 ただし2026年開催のため、単に結果がまだ未公表なだけの可能性が高い(監査基準日2026-06-26時点)。数ヶ月後に再確認を推奨。,宮崎大会,NOT_IN_CORPUS,none,HPに結果ファイル無,第42回全国競技かるた宮崎大会
小・中学生選手権,2012,35,c,,none,会員ページに大会行自体はあるが、結果ファイルの掲載がない(no_result扱い)。会員ページ側にそもそも原本が存在しないため、コーパス探索では回収不能。,小中学生選手権大会,NOT_IN_CORPUS,none,HPに結果ファイル無,第35回全国小・中学生かるた選手権大会
小中学生選手権福井,2010,33,c,,none,会員ページに大会行自体はあるが、結果ファイルの掲載がない(no_result扱い)。会員ページ側にそもそも原本が存在しないため、コーパス探索では回収不能。,小中学生選手権福井大会,NOT_IN_CORPUS,none,HPに結果ファイル無,第33回小・中学生かるた競技選手権福井大会
小中学生選手権福井,2013,36,c,,none,会員ページに大会行自体はあるが、結果ファイルの掲載がない(no_result扱い)。会員ページ側にそもそも原本が存在しないため、コーパス探索では回収不能。,小中学生選手権福井大会,NOT_IN_CORPUS,none,HPに結果ファイル無,第36回小・中学生かるた競技選手権福井大会
小中学生選手権福井,2014,37,c,,none,会員ページに大会行自体はあるが、結果ファイルの掲載がない(no_result扱い)。会員ページ側にそもそも原本が存在しないため、コーパス探索では回収不能。,小中学生選手権福井大会,NOT_IN_CORPUS,none,HPに結果ファイル無,第37回小・中学生かるた競技選手権福井大会
小中学生選手権福井,2022,44,c,,none,会員ページに大会行自体はあるが、結果ファイルの掲載がない(no_result扱い)。会員ページ側にそもそも原本が存在しないため、コーパス探索では回収不能。,小中学生選手権福井大会,NOT_IN_CORPUS,none,HPに結果ファイル無,第44回全国小・中学生競技かるた選手権福井大会(1日目)
小学生選手権,2022,35,c,,none,会員ページに大会行自体はあるが、結果ファイルの掲載がない(no_result扱い)。会員ページ側にそもそも原本が存在しないため、コーパス探索では回収不能。,小学生選手権大会,NOT_IN_CORPUS,none,HPに結果ファイル無,小倉百人一首競技かるた第35回全国小学生選手権大会
小山大会,2011,29,c,,none,会員ページに大会行自体はあるが、結果ファイルの掲載がない(no_result扱い)。会員ページ側にそもそも原本が存在しないため、コーパス探索では回収不能。,小山大会,NOT_IN_CORPUS,none,HPに結果ファイル無,"第29回小倉百人一首競技かるた小山大会
        
	【後援】"
小山大会,2012,30,b,,pdf/doc,HP上の結果ファイルがPDFまたはWord形式。現行の標準Excel/HTMLパーサでは非対応。ファイル自体はharvest済(karuta_results配下)。,小山大会,NOT_IN_CORPUS,pdf/doc,PDF/Word(未パース),第30回小倉百人一首競技かるた小山大会
小山大会,2013,31,b,,pdf/doc,HP上の結果ファイルがPDFまたはWord形式。現行の標準Excel/HTMLパーサでは非対応。ファイル自体はharvest済(karuta_results配下)。,小山大会,NOT_IN_CORPUS,pdf/doc,PDF/Word(未パース),第31回小倉百人一首競技かるた小山大会
山口大会,2022,10,c,,none,series_coverage.csv は IN_CORPUS(取込済)と表示するが hp_filetypes=none(HP自体に結果ファイルなし)と矛盾する。series_coverage.py の日付一致フォールバック(同日開催の別大会が同じcorpus_datesに存在するとinc=Trueになる仕様)による誤検出と判断。実体は原本なし。,山口大会,IN_CORPUS,none,,第10回全国競技かるた山口大会
岐阜県選手権,2019,1,c,,none,会員ページに大会行自体はあるが、結果ファイルの掲載がない(no_result扱い)。会員ページ側にそもそも原本が存在しないため、コーパス探索では回収不能。,岐阜県選手権大会,NOT_IN_CORPUS,none,HPに結果ファイル無,"★第1回岐阜県かるた選手権大会
        
	【後援】"
岐阜県選手権,2020,2,c,,none,会員ページに大会行自体はあるが、結果ファイルの掲載がない(no_result扱い)。会員ページ側にそもそも原本が存在しないため、コーパス探索では回収不能。,岐阜県選手権大会,NOT_IN_CORPUS,none,HPに結果ファイル無,"★第2回岐阜県かるた選手権大会
        
	【後援】"
岐阜県選手権,2021,3,b,,pdf/doc,HP上の結果ファイルがPDFまたはWord形式。現行の標準Excel/HTMLパーサでは非対応。ファイル自体はharvest済(karuta_results配下)。,岐阜県選手権大会,NOT_IN_CORPUS,pdf/doc,PDF/Word(未パース),★第3回岐阜県かるた選手権大会
岡山大会,2012,3,c,,none,会員ページに大会行自体はあるが、結果ファイルの掲載がない(no_result扱い)。会員ページ側にそもそも原本が存在しないため、コーパス探索では回収不能。,岡山大会,NOT_IN_CORPUS,none,HPに結果ファイル無,第3回全国かるた競技岡山大会
愛知大会,2026,26,c+d,,none,会員ページに大会行自体はあるが、結果ファイルの掲載がない(no_result扱い)。会員ページ側にそもそも原本が存在しないため、コーパス探索では回収不能。 ただし2026年開催のため、単に結果がまだ未公表なだけの可能性が高い(監査基準日2026-06-26時点)。数ヶ月後に再確認を推奨。,愛知大会,NOT_IN_CORPUS,none,HPに結果ファイル無,第26回全国競技かるた愛知大会
新人選手権,2014,23,c,,none,会員ページに大会行自体はあるが、結果ファイルの掲載がない(no_result扱い)。会員ページ側にそもそも原本が存在しないため、コーパス探索では回収不能。,新人選手権大会および第6回グランドチャンピオン大会,NOT_IN_CORPUS,none,HPに結果ファイル無,"第23回全日本新人選手権かるた大会 および 第6回全日本グランドチャンピオン大会
        
	【後援】"
新田会大会,2011,14,c,,none,会員ページに大会行自体はあるが、結果ファイルの掲載がない(no_result扱い)。会員ページ側にそもそも原本が存在しないため、コーパス探索では回収不能。,新田会大会,NOT_IN_CORPUS,none,HPに結果ファイル無,"第14回新田かるた会百人一首大会
        
	【後援】"
新田会大会,2012,15,c,,none,会員ページに大会行自体はあるが、結果ファイルの掲載がない(no_result扱い)。会員ページ側にそもそも原本が存在しないため、コーパス探索では回収不能。,新田会大会,NOT_IN_CORPUS,none,HPに結果ファイル無,"第15回新田かるた会百人一首大会
        
	【後援】"
新田会大会,2013,16,c,,none,会員ページに大会行自体はあるが、結果ファイルの掲載がない(no_result扱い)。会員ページ側にそもそも原本が存在しないため、コーパス探索では回収不能。,新田会大会,NOT_IN_CORPUS,none,HPに結果ファイル無,"第16回新田かるた会百人一首大会
        
	【後援】"
新田会大会,2014,17,c,,none,会員ページに大会行自体はあるが、結果ファイルの掲載がない(no_result扱い)。会員ページ側にそもそも原本が存在しないため、コーパス探索では回収不能。,新田会大会,NOT_IN_CORPUS,none,HPに結果ファイル無,"第17回新田かるた会百人一首大会
        
	【後援】"
新田会大会,2018,21,c,,none,会員ページに大会行自体はあるが、結果ファイルの掲載がない(no_result扱い)。会員ページ側にそもそも原本が存在しないため、コーパス探索では回収不能。,新田会大会,NOT_IN_CORPUS,none,HPに結果ファイル無,"★第21回新田かるた会百人一首大会
        
	【後援】"
新田会大会,2019,22,c,,none,会員ページに大会行自体はあるが、結果ファイルの掲載がない(no_result扱い)。会員ページ側にそもそも原本が存在しないため、コーパス探索では回収不能。,新田会大会,NOT_IN_CORPUS,none,HPに結果ファイル無,"★第22回新田かるた会百人一首大会
        
	【後援】"
日タイ交流バンコク大会,2014,10,c,,(索引に該当なし),series_coverage.csv の該当シリーズは開催回の範囲がedition=14(2018)からしか確認できず、edition=10(2014)はHP由来のどの索引(plan.csv/html_index/new_manifest)にも一切出現しない。tournament_seriesマスター側の回次付番が補間/別ソースに基づく可能性があり、実際にHP上でこの回次が開催された一次情報が本コーパスには存在しない。,,,,,
日タイ交流バンコク大会,2018,14,c,,none,会員ページに大会行自体はあるが、結果ファイルの掲載がない(no_result扱い)。会員ページ側にそもそも原本が存在しないため、コーパス探索では回収不能。,日タイ交流バンコク大会,NOT_IN_CORPUS,none,HPに結果ファイル無,"★第14回日タイ交流小倉百人一首バンコクかるた大会（在タイ日本国大使館杯）
        
	【後援】"
朝倉大会,2016,5,c,,none,会員ページに大会行自体はあるが、結果ファイルの掲載がない(no_result扱い)。会員ページ側にそもそも原本が存在しないため、コーパス探索では回収不能。,朝倉大会,NOT_IN_CORPUS,none,HPに結果ファイル無,"天智天皇杯第5回百人一首朝倉大会
        
	【後援】"
杉並大会,2026,3,c+d,,none,会員ページに大会行自体はあるが、結果ファイルの掲載がない(no_result扱い)。会員ページ側にそもそも原本が存在しないため、コーパス探索では回収不能。 ただし2026年開催のため、単に結果がまだ未公表なだけの可能性が高い(監査基準日2026-06-26時点)。数ヶ月後に再確認を推奨。,杉並大会,NOT_IN_CORPUS,none,HPに結果ファイル無,第3回全国競技かるた杉並大会
東京東会大会,2022,75,c,,none,会員ページに大会行自体はあるが、結果ファイルの掲載がない(no_result扱い)。会員ページ側にそもそも原本が存在しないため、コーパス探索では回収不能。,東京東会大会,NOT_IN_CORPUS,none,HPに結果ファイル無,小倉百人一首競技かるた第75回東京東会大会
東京東会大会,2026,80,c+d,,none,会員ページに大会行自体はあるが、結果ファイルの掲載がない(no_result扱い)。会員ページ側にそもそも原本が存在しないため、コーパス探索では回収不能。 ただし2026年開催のため、単に結果がまだ未公表なだけの可能性が高い(監査基準日2026-06-26時点)。数ヶ月後に再確認を推奨。,東京東会大会,NOT_IN_CORPUS,none,HPに結果ファイル無,第80回全国競技かるた東京東会大会
東京都初心者大会,2012,3,c,,none,会員ページに大会行自体はあるが、結果ファイルの掲載がない(no_result扱い)。会員ページ側にそもそも原本が存在しないため、コーパス探索では回収不能。,東京都初心者大会,NOT_IN_CORPUS,none,HPに結果ファイル無,"第3回東京都初心者大会
        
	【後援】"
東京都初心者大会,2018,9,c,,none,会員ページに大会行自体はあるが、結果ファイルの掲載がない(no_result扱い)。会員ページ側にそもそも原本が存在しないため、コーパス探索では回収不能。,東京都初心者大会,NOT_IN_CORPUS,none,HPに結果ファイル無,"★第9回東京都初心者かるた大会
        
	【後援】"
東京都初心者大会,2019,10,c,,none,会員ページに大会行自体はあるが、結果ファイルの掲載がない(no_result扱い)。会員ページ側にそもそも原本が存在しないため、コーパス探索では回収不能。,東京都初心者大会,NOT_IN_CORPUS,none,HPに結果ファイル無,"★第10回東京都初心者かるた大会
        
	【後援】"
東京都大会,2023,30,c,,none,series_coverage.csv は IN_CORPUS(取込済)と表示するが hp_filetypes=none(HP自体に結果ファイルなし)と矛盾する。series_coverage.py の日付一致フォールバック(同日開催の別大会が同じcorpus_datesに存在するとinc=Trueになる仕様)による誤検出と判断。実体は原本なし。,東京都大会,IN_CORPUS,none,,第30回競技かるた東京都大会
東京都選手権,2011,16,b,karuta_results/2011/87_2011tokyo_result_detail.xls,excel(順位戦/N回戦ブロック、級別9シート),対戦データ実在(氏名/所属/相手/勝敗/枚数)。本セッションでxlrd実査。順位戦形式。,東京都選手権大会,NOT_IN_CORPUS,excel,特殊形式/未取込(要確認),第16回東京都かるた選手権大会
東京都選手権,2012,17,c,,none,会員ページに大会行自体はあるが、結果ファイルの掲載がない(no_result扱い)。会員ページ側にそもそも原本が存在しないため、コーパス探索では回収不能。,東京都選手権大会,NOT_IN_CORPUS,none,HPに結果ファイル無,"第17回東京都かるた選手権大会
        
	【後援】"
東京都選手権,2020,25,c,,none,会員ページに大会行自体はあるが、結果ファイルの掲載がない(no_result扱い)。会員ページ側にそもそも原本が存在しないため、コーパス探索では回収不能。,東京都選手権大会,NOT_IN_CORPUS,none,HPに結果ファイル無,"★第25回東京都かるた選手権大会
        
	【後援】"
東大阪大会,2022,33,c,,none,会員ページに大会行自体はあるが、結果ファイルの掲載がない(no_result扱い)。会員ページ側にそもそも原本が存在しないため、コーパス探索では回収不能。,東大阪大会,NOT_IN_CORPUS,none,HPに結果ファイル無,第33回全国競技かるた東大阪大会
栃木県選手権,2013,1,c,,none,会員ページに大会行自体はあるが、結果ファイルの掲載がない(no_result扱い)。会員ページ側にそもそも原本が存在しないため、コーパス探索では回収不能。,栃木県選手権大会,NOT_IN_CORPUS,none,HPに結果ファイル無,"第1回小倉百人一首かるた栃木県選手権大会
        
	【後援】"
横浜大会,2026,106,c+d,,none,会員ページに大会行自体はあるが、結果ファイルの掲載がない(no_result扱い)。会員ページ側にそもそも原本が存在しないため、コーパス探索では回収不能。 ただし2026年開催のため、単に結果がまだ未公表なだけの可能性が高い(監査基準日2026-06-26時点)。数ヶ月後に再確認を推奨。,横浜大会,NOT_IN_CORPUS,none,HPに結果ファイル無,第106回全国競技かるた横浜大会
沖縄県大会,2023,2,b,karuta_results/new/8638.pdf,pdf,"HP上の結果ファイルはPDFのみ(mdl_id=8638, status=OK)。上記茨城3と同様、PDF専用処理が必要。IN_CORPUSフラグは日付一致フォールバックによる誤検出の可能性が高い。",沖縄県大会,IN_CORPUS,pdf,,第2回沖縄県競技かるた大会
沖縄県選手権,2019,1,b,,pdf/doc,HP上の結果ファイルがPDFまたはWord形式。現行の標準Excel/HTMLパーサでは非対応。ファイル自体はharvest済(karuta_results配下)。,沖縄県選手権大会,NOT_IN_CORPUS,pdf/doc,PDF/Word(未パース),★第1回沖縄県小倉百人一首かるた選手権大会
滋賀県大会,2011,25,c,,none,会員ページに大会行自体はあるが、結果ファイルの掲載がない(no_result扱い)。会員ページ側にそもそも原本が存在しないため、コーパス探索では回収不能。,滋賀県大会,NOT_IN_CORPUS,none,HPに結果ファイル無,"第25回滋賀県競技かるた大会
        
	【後援】"
滋賀県大会,2013,27,c,,none,会員ページに大会行自体はあるが、結果ファイルの掲載がない(no_result扱い)。会員ページ側にそもそも原本が存在しないため、コーパス探索では回収不能。,滋賀県大会,NOT_IN_CORPUS,none,HPに結果ファイル無,"第27回滋賀県競技かるた大会
        
	【後援】"
滋賀県大会,2016,30,c,,none,会員ページに大会行自体はあるが、結果ファイルの掲載がない(no_result扱い)。会員ページ側にそもそも原本が存在しないため、コーパス探索では回収不能。,滋賀県大会,NOT_IN_CORPUS,none,HPに結果ファイル無,"第30回滋賀県競技かるた大会
        
	【後援】"
滋賀県小中学生大会,2013,4,c,,none,会員ページに大会行自体はあるが、結果ファイルの掲載がない(no_result扱い)。会員ページ側にそもそも原本が存在しないため、コーパス探索では回収不能。,滋賀県小中学生大会,NOT_IN_CORPUS,none,HPに結果ファイル無,"第4回滋賀県小中学生かるた大会
	    
	  
        
	【後援】"
滋賀県小中学生大会,2015,6,c,,none,会員ページに大会行自体はあるが、結果ファイルの掲載がない(no_result扱い)。会員ページ側にそもそも原本が存在しないため、コーパス探索では回収不能。,滋賀県小中学生大会,NOT_IN_CORPUS,none,HPに結果ファイル無,"第6回滋賀県小中学生かるた大会
        
	【後援】"
熊本県大会,2015,2,c,,none,会員ページに大会行自体はあるが、結果ファイルの掲載がない(no_result扱い)。会員ページ側にそもそも原本が存在しないため、コーパス探索では回収不能。,熊本県大会,NOT_IN_CORPUS,none,HPに結果ファイル無,"第2回熊本県かるた大会(初心者)
        
	【後援】"
白瀧杯女流高校選手権,2018,6,c,,none,会員ページに大会行自体はあるが、結果ファイルの掲載がない(no_result扱い)。会員ページ側にそもそも原本が存在しないため、コーパス探索では回収不能。,白瀧杯女流高校選手権大会,NOT_IN_CORPUS,none,HPに結果ファイル無,"★第6回白瀧杯女流かるた高校選手権大会
        
	【後援】"
神奈川県大会,2011,44,c,,none,会員ページに大会行自体はあるが、結果ファイルの掲載がない(no_result扱い)。会員ページ側にそもそも原本が存在しないため、コーパス探索では回収不能。,神奈川県大会,NOT_IN_CORPUS,none,HPに結果ファイル無,"第44回神奈川県かるた大会
        
	【後援】"
神奈川県選手権,2012,15,c,,none,会員ページに大会行自体はあるが、結果ファイルの掲載がない(no_result扱い)。会員ページ側にそもそも原本が存在しないため、コーパス探索では回収不能。,神奈川県選手権大会,NOT_IN_CORPUS,none,HPに結果ファイル無,"第15回神奈川県かるた選手権大会
        
	【後援】"
福井大会,2025,78,c,,none,series_coverage.csv は IN_CORPUS(取込済)と表示するが hp_filetypes=none(HP自体に結果ファイルなし)と矛盾する。series_coverage.py の日付一致フォールバック(同日開催の別大会が同じcorpus_datesに存在するとinc=Trueになる仕様)による誤検出と判断。実体は原本なし。,福井大会,IN_CORPUS,none,,第78回全国競技かるた福井大会
福井大会,2026,79,c+d,,none,会員ページに大会行自体はあるが、結果ファイルの掲載がない(no_result扱い)。会員ページ側にそもそも原本が存在しないため、コーパス探索では回収不能。 ただし2026年開催のため、単に結果がまだ未公表なだけの可能性が高い(監査基準日2026-06-26時点)。数ヶ月後に再確認を推奨。,福井大会,NOT_IN_CORPUS,none,HPに結果ファイル無,第79回全国競技かるた福井大会
秋田県交流大会,2019,9,c,,none,会員ページに大会行自体はあるが、結果ファイルの掲載がない(no_result扱い)。会員ページ側にそもそも原本が存在しないため、コーパス探索では回収不能。,秋田県交流大会,NOT_IN_CORPUS,none,HPに結果ファイル無,"★第9回小倉百人一首かるた秋田県交流大会
        
	【後援】"
稲城市民大会,2011,12,c,,none,会員ページに大会行自体はあるが、結果ファイルの掲載がない(no_result扱い)。会員ページ側にそもそも原本が存在しないため、コーパス探索では回収不能。,稲城市民大会,NOT_IN_CORPUS,none,HPに結果ファイル無,"第12回稲城市民かるた大会
        
	【後援】"
群馬県大会,2012,28,c,,none,会員ページに大会行自体はあるが、結果ファイルの掲載がない(no_result扱い)。会員ページ側にそもそも原本が存在しないため、コーパス探索では回収不能。,群馬県大会,NOT_IN_CORPUS,none,HPに結果ファイル無,"第28回群馬県百人一首かるた大会
        
	【後援】"
群馬県大会,2013,29,c,,none,会員ページに大会行自体はあるが、結果ファイルの掲載がない(no_result扱い)。会員ページ側にそもそも原本が存在しないため、コーパス探索では回収不能。,群馬県大会,NOT_IN_CORPUS,none,HPに結果ファイル無,"第29回群馬県百人一首かるた大会
        
	【後援】"
群馬県大会,2014,30,c,,none,会員ページに大会行自体はあるが、結果ファイルの掲載がない(no_result扱い)。会員ページ側にそもそも原本が存在しないため、コーパス探索では回収不能。,群馬県大会,NOT_IN_CORPUS,none,HPに結果ファイル無,"第30回群馬県百人一首かるた大会
        
	【後援】"
足利大会,2011,4,c,,none,会員ページに大会行自体はあるが、結果ファイルの掲載がない(no_result扱い)。会員ページ側にそもそも原本が存在しないため、コーパス探索では回収不能。,足利大会,NOT_IN_CORPUS,none,HPに結果ファイル無,"第4回足利百人一首かるた競技大会
        
	【後援】"
足利大会,2012,5,c,,none,会員ページに大会行自体はあるが、結果ファイルの掲載がない(no_result扱い)。会員ページ側にそもそも原本が存在しないため、コーパス探索では回収不能。,足利大会,NOT_IN_CORPUS,none,HPに結果ファイル無,"第5回足利百人一首かるた競技大会
        
	【後援】"
足利大会,2014,7,c,,none,会員ページに大会行自体はあるが、結果ファイルの掲載がない(no_result扱い)。会員ページ側にそもそも原本が存在しないため、コーパス探索では回収不能。,足利大会,NOT_IN_CORPUS,none,HPに結果ファイル無,"第7回足利百人一首かるた競技大会
        
	【後援】"
長崎大会,2010,2,c,,none,会員ページに大会行自体はあるが、結果ファイルの掲載がない(no_result扱い)。会員ページ側にそもそも原本が存在しないため、コーパス探索では回収不能。,長崎大会,NOT_IN_CORPUS,none,HPに結果ファイル無,第2回全国かるた競技長崎大会
長崎大会,2012,3,b,,pdf/doc,HP上の結果ファイルがPDFまたはWord形式。現行の標準Excel/HTMLパーサでは非対応。ファイル自体はharvest済(karuta_results配下)。,長崎大会,NOT_IN_CORPUS,pdf/doc,PDF/Word(未パース),第3回全国かるた競技長崎大会
関東地区初心者大会,2017,5,c,,none,会員ページに大会行自体はあるが、結果ファイルの掲載がない(no_result扱い)。会員ページ側にそもそも原本が存在しないため、コーパス探索では回収不能。,関東地区初心者大会,NOT_IN_CORPUS,none,HPに結果ファイル無,"第5回関東地区初心者かるた大会
        
	【後援】"
青森大会,2026,3,c+d,,none,会員ページに大会行自体はあるが、結果ファイルの掲載がない(no_result扱い)。会員ページ側にそもそも原本が存在しないため、コーパス探索では回収不能。 ただし2026年開催のため、単に結果がまだ未公表なだけの可能性が高い(監査基準日2026-06-26時点)。数ヶ月後に再確認を推奨。,青森大会,NOT_IN_CORPUS,none,HPに結果ファイル無,第3回全国競技かるた青森大会
静岡大会,2022,55,c,,none,会員ページに大会行自体はあるが、結果ファイルの掲載がない(no_result扱い)。会員ページ側にそもそも原本が存在しないため、コーパス探索では回収不能。,静岡大会,NOT_IN_CORPUS,none,HPに結果ファイル無,第55回全国競技かるた静岡大会
鹿児島県学生大会,2012,31,b,,pdf/doc,HP上の結果ファイルがPDFまたはWord形式。現行の標準Excel/HTMLパーサでは非対応。ファイル自体はharvest済(karuta_results配下)。,鹿児島県学生大会,NOT_IN_CORPUS,pdf/doc,PDF/Word(未パース),第31回鹿児島県学生かるた大会
鹿児島県新人育成大会,2019,1,c,,none,会員ページに大会行自体はあるが、結果ファイルの掲載がない(no_result扱い)。会員ページ側にそもそも原本が存在しないため、コーパス探索では回収不能。,鹿児島県新人育成大会,NOT_IN_CORPUS,none,HPに結果ファイル無,"★第1回鹿児島県新人育成かるた大会(D)
        
	【後援】"
鹿児島県新春大会,2013,39,b,,pdf/doc,HP上の結果ファイルがPDFまたはWord形式。現行の標準Excel/HTMLパーサでは非対応。ファイル自体はharvest済(karuta_results配下)。,鹿児島県新春大会,NOT_IN_CORPUS,pdf/doc,PDF/Word(未パース),第39回鹿児島県新春かるた大会
鹿児島県新春大会,2014,40,b,,pdf/doc,HP上の結果ファイルがPDFまたはWord形式。現行の標準Excel/HTMLパーサでは非対応。ファイル自体はharvest済(karuta_results配下)。,鹿児島県新春大会,NOT_IN_CORPUS,pdf/doc,PDF/Word(未パース),第40回鹿児島県新春かるた大会
鹿児島県新春大会,2015,41,c,,none,会員ページに大会行自体はあるが、結果ファイルの掲載がない(no_result扱い)。会員ページ側にそもそも原本が存在しないため、コーパス探索では回収不能。,鹿児島県新春大会,NOT_IN_CORPUS,none,HPに結果ファイル無,"第41回鹿児島県新春かるた大会
        
	【後援】"
鹿児島県新春大会,2017,43,b,,pdf/doc,HP上の結果ファイルがPDFまたはWord形式。現行の標準Excel/HTMLパーサでは非対応。ファイル自体はharvest済(karuta_results配下)。,鹿児島県新春大会,NOT_IN_CORPUS,pdf/doc,PDF/Word(未パース),第43回鹿児島県新春かるた大会
鹿児島県新春大会,2018,44,b,,pdf/doc,HP上の結果ファイルがPDFまたはWord形式。現行の標準Excel/HTMLパーサでは非対応。ファイル自体はharvest済(karuta_results配下)。,鹿児島県新春大会,NOT_IN_CORPUS,pdf/doc,PDF/Word(未パース),★第44回鹿児島県新春かるた大会
鹿児島県新春大会,2019,45,b,,pdf/doc,HP上の結果ファイルがPDFまたはWord形式。現行の標準Excel/HTMLパーサでは非対応。ファイル自体はharvest済(karuta_results配下)。,鹿児島県新春大会,NOT_IN_CORPUS,pdf/doc,PDF/Word(未パース),★第45回鹿児島県新春かるた大会
鹿児島県新春大会,2020,46,b,,pdf/doc,HP上の結果ファイルがPDFまたはWord形式。現行の標準Excel/HTMLパーサでは非対応。ファイル自体はharvest済(karuta_results配下)。,鹿児島県新春大会,NOT_IN_CORPUS,pdf/doc,PDF/Word(未パース),★第46回鹿児島県新春かるた大会
鹿児島県新春大会,2021,47,b,,pdf/doc,HP上の結果ファイルがPDFまたはWord形式。現行の標準Excel/HTMLパーサでは非対応。ファイル自体はharvest済(karuta_results配下)。,鹿児島県新春大会,NOT_IN_CORPUS,none/pdf/doc,PDF/Word(未パース),★第47回鹿児島県新春かるた大会（1日目）
鹿児島県新春大会,2022,48,c,,none,会員ページに大会行自体はあるが、結果ファイルの掲載がない(no_result扱い)。会員ページ側にそもそも原本が存在しないため、コーパス探索では回収不能。,鹿児島県新春大会,NOT_IN_CORPUS,none,HPに結果ファイル無,第48回鹿児島県新春かるた大会(1日目)
鹿児島県選手権,2013,32,b,,pdf/doc,HP上の結果ファイルがPDFまたはWord形式。現行の標準Excel/HTMLパーサでは非対応。ファイル自体はharvest済(karuta_results配下)。,鹿児島県選手権大会,NOT_IN_CORPUS,pdf/doc,PDF/Word(未パース),第32回鹿児島県かるた選手権大会
鹿児島県選手権,2014,33,b,,pdf/doc,HP上の結果ファイルがPDFまたはWord形式。現行の標準Excel/HTMLパーサでは非対応。ファイル自体はharvest済(karuta_results配下)。,鹿児島県選手権大会,NOT_IN_CORPUS,pdf/doc,PDF/Word(未パース),第33回鹿児島県かるた選手権大会
鹿児島県選手権,2015,34,b,,pdf/doc,HP上の結果ファイルがPDFまたはWord形式。現行の標準Excel/HTMLパーサでは非対応。ファイル自体はharvest済(karuta_results配下)。,鹿児島県選手権大会,NOT_IN_CORPUS,pdf/doc,PDF/Word(未パース),第34回鹿児島県かるた選手権大会
鹿児島県選手権,2016,35,b,,pdf/doc,HP上の結果ファイルがPDFまたはWord形式。現行の標準Excel/HTMLパーサでは非対応。ファイル自体はharvest済(karuta_results配下)。,鹿児島県選手権大会,NOT_IN_CORPUS,pdf/doc,PDF/Word(未パース),第35回鹿児島県かるた選手権大会
鹿児島県選手権,2017,36,b,,pdf/doc,HP上の結果ファイルがPDFまたはWord形式。現行の標準Excel/HTMLパーサでは非対応。ファイル自体はharvest済(karuta_results配下)。,鹿児島県選手権大会,NOT_IN_CORPUS,pdf/doc,PDF/Word(未パース),第36回鹿児島県かるた選手権大会
鹿児島県選手権,2018,37,b,,pdf/doc,HP上の結果ファイルがPDFまたはWord形式。現行の標準Excel/HTMLパーサでは非対応。ファイル自体はharvest済(karuta_results配下)。,鹿児島県選手権大会,NOT_IN_CORPUS,pdf/doc,PDF/Word(未パース),★第37回鹿児島県かるた選手権大会
鹿児島県選手権,2021,39,b,,pdf/doc,HP上の結果ファイルがPDFまたはWord形式。現行の標準Excel/HTMLパーサでは非対応。ファイル自体はharvest済(karuta_results配下)。,鹿児島県選手権大会,NOT_IN_CORPUS,pdf/doc,PDF/Word(未パース),★第39回鹿児島県かるた選手権大会
鹿児島県選手権,2022,40,c,,none,series_coverage.csv は IN_CORPUS(取込済)と表示するが hp_filetypes=none(HP自体に結果ファイルなし)と矛盾する。series_coverage.py の日付一致フォールバック(同日開催の別大会が同じcorpus_datesに存在するとinc=Trueになる仕様)による誤検出と判断。実体は原本なし。,鹿児島県選手権大会,IN_CORPUS,none,,第40回鹿児島県かるた選手権大会
